sm_cat,일시,qty,일 미세먼지 농도(㎍/㎥)
공기청정기,2018-01-13,32,31.03846153846154
공기청정기,2018-01-17,568,37.2962962962963
공기청정기,2018-01-19,233,46.65384615384615
공기청정기,2018-01-29,245,33.7037037037037
공기청정기,2018-02-02,118,31.392857142857142
공기청정기,2018-02-06,100,22.678571428571427
공기청정기,2018-02-07,349,24.285714285714285
공기청정기,2018-02-22,146,36.392857142857146
공기청정기,2018-02-26,178,36.07142857142857
공기청정기,2018-02-27,160,50.629629629629626
공기청정기,2018-03-07,106,23.857142857142858
공기청정기,2018-03-08,161,21.904761904761905
공기청정기,2018-03-13,168,33.82142857142857
공기청정기,2018-03-14,134,22.76
공기청정기,2018-03-27,1157,56.22222222222222
공기청정기,2018-04-19,198,49.51724137931034
공기청정기,2018-05-19,226,14.952380952380953
공기청정기,2018-06-11,121,13.857142857142858
공기청정기,2018-06-18,91,28.03703703703704
공기청정기,2018-06-19,127,28.846153846153847
공기청정기,2018-07-16,69,26.115384615384617
공기청정기,2018-07-17,53,30.44
공기청정기,2018-07-19,55,31.166666666666668
공기청정기,2018-08-02,23,23.192307692307693
공기청정기,2018-08-09,32,19.0
공기청정기,2018-08-14,29,21.24
공기청정기,2018-08-17,34,14.19047619047619
공기청정기,2018-08-21,26,22.39130434782609
공기청정기,2018-09-10,70,15.090909090909092
공기청정기,2018-09-18,52,27.46153846153846
공기청정기,2018-09-19,38,28.76
공기청정기,2018-09-26,42,12.608695652173912
공기청정기,2018-09-28,31,14.944444444444445
공기청정기,2018-10-14,33,22.77777777777778
공기청정기,2018-10-24,99,35.107142857142854
공기청정기,2018-11-02,94,28.296296296296298
공기청정기,2018-11-04,71,28.93103448275862
공기청정기,2018-11-13,216,24.0
공기청정기,2018-11-20,156,39.172413793103445
공기청정기,2018-11-24,61,28.384615384615383
공기청정기,2018-12-02,534,47.37931034482759
공기청정기,2018-12-13,102,29.285714285714285
공기청정기,2018-12-17,164,49.13793103448276
공기청정기,2018-12-18,143,33.32142857142857
공기청정기,2018-12-19,211,53.75
공기청정기,2018-12-20,210,53.75862068965517
공기청정기,2018-12-21,188,55.46428571428572
공기청정기,2019-01-02,159,24.07407407407408
공기청정기,2019-01-07,165,38.48275862068966
공기청정기,2019-01-09,156,32.925925925925924
공기청정기,2019-01-10,198,32.03448275862069
공기청정기,2019-01-14,1006,99.13793103448276
공기청정기,2019-01-15,1220,87.75862068965517
공기청정기,2019-01-16,753,34.27586206896552
공기청정기,2019-01-29,252,56.172413793103445
공기청정기,2019-02-01,117,30.821428571428573
공기청정기,2019-02-06,220,69.27586206896552
공기청정기,2019-02-07,317,42.82142857142857
공기청정기,2019-02-13,236,43.689655172413794
공기청정기,2019-02-15,235,33.44827586206897
공기청정기,2019-03-02,713,77.62962962962963
공기청정기,2019-03-06,3456,94.33333333333331
공기청정기,2019-03-20,453,55.03846153846154
공기청정기,2019-04-03,250,28.517241379310345
공기청정기,2019-04-07,282,43.42307692307692
공기청정기,2019-04-08,516,34.0
공기청정기,2019-04-10,290,11.555555555555555
공기청정기,2019-04-15,334,46.32142857142857
공기청정기,2019-04-30,143,22.392857142857142
공기청정기,2019-05-03,231,44.82758620689656
공기청정기,2019-05-07,227,35.55555555555556
공기청정기,2019-05-08,524,37.60714285714285
공기청정기,2019-05-10,278,38.46428571428572
공기청정기,2019-05-15,326,41.18518518518518
공기청정기,2019-05-30,103,33.758620689655174
공기청정기,2019-06-14,68,25.346153846153847
공기청정기,2019-06-18,95,24.62962962962963
공기청정기,2019-07-05,83,29.59259259259259
공기청정기,2019-07-07,121,19.692307692307693
공기청정기,2019-07-25,53,19.73076923076923
공기청정기,2019-08-07,52,27.08
공기청정기,2019-08-20,43,28.357142857142858
공기청정기,2019-08-26,84,21.13793103448276
공기청정기,2019-09-03,70,16.32
공기청정기,2019-09-06,59,17.153846153846153
공기청정기,2019-09-08,26,23.45833333333333
공기청정기,2019-09-20,80,20.0
공기청정기,2019-09-24,79,20.40909090909091
공기청정기,2019-09-26,71,23.52173913043478
공기청정기,2019-09-30,98,36.888888888888886
공기청정기,2019-10-08,118,30.580422726015502
공기청정기,2019-10-13,42,20.541666666666668
공기청정기,2019-10-15,96,20.681818181818183
공기청정기,2019-10-16,71,23.08333333333333
공기청정기,2019-10-18,57,17.782608695652176
공기청정기,2019-10-19,33,20.09090909090909
공기청정기,2019-10-22,142,26.08695652173913
공기청정기,2019-10-25,64,21.615384615384617
공기청정기,2019-10-29,166,68.0
공기청정기,2019-10-30,120,26.51851851851852
공기청정기,2019-11-01,332,85.0
공기청정기,2019-11-02,148,57.10344827586207
공기청정기,2019-11-03,136,45.15384615384615
공기청정기,2019-11-06,185,33.93103448275862
공기청정기,2019-11-07,138,33.89655172413793
공기청정기,2019-11-08,116,32.57692307692308
공기청정기,2019-11-11,352,25.107142857142858
공기청정기,2019-11-13,98,27.285714285714285
공기청정기,2019-11-16,46,32.827586206896555
공기청정기,2019-11-19,85,25.785714285714285
공기청정기,2019-11-23,226,24.96551724137931
공기청정기,2019-11-25,135,20.041666666666668
공기청정기,2019-11-27,201,25.517241379310345
공기청정기,2019-11-28,75,28.0
공기청정기,2019-11-30,52,27.11111111111111
공기청정기,2019-12-03,194,19.55172413793104
공기청정기,2019-12-06,90,20.48148148148148
공기청정기,2019-12-07,41,29.620689655172413
공기청정기,2019-12-09,169,42.629629629629626
공기청정기,2019-12-13,121,22.464285714285715
공기청정기,2019-12-14,68,29.655172413793103
공기청정기,2019-12-27,95,22.655172413793103
공기청정기,2018-01-01,106,32.96296296296296
공기청정기,2018-01-02,147,40.03703703703704
공기청정기,2018-01-03,103,23.185185185185187
공기청정기,2018-01-04,77,26.423076923076923
공기청정기,2018-01-05,141,29.642857142857142
공기청정기,2018-01-06,74,28.25925925925926
공기청정기,2018-01-07,62,32.65384615384615
공기청정기,2018-01-08,166,28.25925925925926
공기청정기,2018-01-09,90,30.37037037037037
공기청정기,2018-01-10,96,21.88888888888889
공기청정기,2018-01-11,78,21.48148148148148
공기청정기,2018-01-12,72,18.444444444444443
공기청정기,2018-01-14,59,38.77777777777778
공기청정기,2018-01-15,298,42.22222222222222
공기청정기,2018-01-16,612,48.65384615384615
공기청정기,2018-01-18,511,68.85185185185185
공기청정기,2018-01-20,441,73.22222222222223
공기청정기,2018-01-21,492,58.74074074074074
공기청정기,2018-01-22,331,41.629629629629626
공기청정기,2018-01-23,421,20.615384615384617
공기청정기,2018-01-24,168,21.62962962962963
공기청정기,2018-01-25,132,18.15384615384616
공기청정기,2018-01-26,134,21.11111111111111
공기청정기,2018-01-27,143,27.11111111111111
공기청정기,2018-01-28,135,24.115384615384617
공기청정기,2018-01-30,206,32.57142857142857
공기청정기,2018-01-31,219,31.535714285714285
공기청정기,2018-02-01,221,29.5
공기청정기,2018-02-03,158,28.392857142857142
공기청정기,2018-02-04,108,22.142857142857142
공기청정기,2018-02-05,131,20.615384615384617
공기청정기,2018-02-08,159,36.67857142857143
공기청정기,2018-02-09,181,42.25
공기청정기,2018-02-10,67,54.0
공기청정기,2018-02-11,130,40.172413793103445
공기청정기,2018-02-12,111,36.10344827586207
공기청정기,2018-02-13,60,38.07142857142857
공기청정기,2018-02-14,122,52.42857142857143
공기청정기,2018-02-15,30,36.241379310344826
공기청정기,2018-02-16,141,30.517241379310345
공기청정기,2018-02-17,53,32.0
공기청정기,2018-02-18,119,28.379310344827587
공기청정기,2018-02-19,184,44.82758620689656
공기청정기,2018-02-20,124,47.82758620689656
공기청정기,2018-02-21,238,27.703703703703702
공기청정기,2018-02-23,133,59.0
공기청정기,2018-02-24,89,53.13793103448276
공기청정기,2018-02-25,106,34.06896551724138
공기청정기,2018-02-28,224,39.1764705882353
공기청정기,2018-03-01,216,33.592592592592595
공기청정기,2018-03-02,144,41.86206896551724
공기청정기,2018-03-03,53,35.62068965517241
공기청정기,2018-03-04,69,22.22222222222222
공기청정기,2018-03-05,232,16.75
공기청정기,2018-03-06,123,22.923076923076923
공기청정기,2018-03-09,107,33.714285714285715
공기청정기,2018-03-11,63,44.785714285714285
공기청정기,2018-03-12,226,61.241379310344826
공기청정기,2018-03-15,93,18.884615384615383
공기청정기,2018-03-16,65,19.45
공기청정기,2018-03-19,158,20.166666666666668
공기청정기,2018-03-20,111,16.22222222222222
공기청정기,2018-03-21,113,12.63157894736842
공기청정기,2018-03-22,82,23.807692307692307
공기청정기,2018-03-23,107,39.62068965517241
공기청정기,2018-03-25,437,53.5
공기청정기,2018-03-26,1162,46.14814814814815
공기청정기,2018-03-31,475,45.03448275862069
공기청정기,2018-04-01,366,57.25
공기청정기,2018-04-02,532,54.32142857142857
공기청정기,2018-04-06,401,85.73076923076923
공기청정기,2018-04-07,415,43.93103448275862
공기청정기,2018-04-09,388,41.96428571428572
공기청정기,2018-04-10,357,37.96428571428572
공기청정기,2018-04-11,420,47.035714285714285
공기청정기,2018-04-12,372,35.03448275862069
공기청정기,2018-04-14,170,19.08333333333333
공기청정기,2018-04-16,383,39.10344827586207
공기청정기,2018-04-17,231,54.67857142857143
공기청정기,2018-04-18,280,61.7037037037037
공기청정기,2018-04-20,411,67.3103448275862
공기청정기,2018-04-21,241,50.06896551724138
공기청정기,2018-04-23,239,13.142857142857142
공기청정기,2018-04-24,236,11.666666666666666
공기청정기,2018-04-25,243,26.384615384615383
공기청정기,2018-04-26,254,34.17857142857143
공기청정기,2018-04-28,232,42.892857142857146
공기청정기,2018-04-30,363,46.48275862068966
공기청정기,2018-05-01,368,40.689655172413794
공기청정기,2018-05-02,484,23.363636363636363
공기청정기,2018-05-06,335,15.73076923076923
공기청정기,2018-05-07,389,22.62962962962963
공기청정기,2018-05-09,443,19.916666666666668
공기청정기,2018-05-10,320,28.48275862068965
공기청정기,2018-05-11,360,33.10344827586207
공기청정기,2018-05-12,353,23.041666666666668
공기청정기,2018-05-14,136,41.206896551724135
공기청정기,2018-05-16,409,25.166666666666668
공기청정기,2018-05-17,250,15.875
공기청정기,2018-05-18,244,15.105263157894736
공기청정기,2018-05-20,300,13.85
공기청정기,2018-05-21,211,17.96153846153846
공기청정기,2018-05-23,244,34.08
공기청정기,2018-05-24,282,78.20689655172414
공기청정기,2018-05-25,219,70.96551724137932
공기청정기,2018-05-26,245,52.27586206896552
공기청정기,2018-05-28,204,40.48275862068966
공기청정기,2018-05-30,406,30.55555555555556
공기청정기,2018-05-31,34,29.0
공기청정기,2018-06-03,43,30.11111111111111
공기청정기,2018-06-08,119,35.25
공기청정기,2018-06-14,76,21.28
공기청정기,2018-06-15,82,19.125
공기청정기,2018-06-20,47,27.48148148148148
공기청정기,2018-06-21,76,29.178571428571427
공기청정기,2018-06-22,35,26.37037037037037
공기청정기,2018-06-25,112,39.57142857142857
공기청정기,2018-06-26,77,28.68
공기청정기,2018-07-01,65,14.733333333333333
공기청정기,2018-07-02,106,13.285714285714286
공기청정기,2018-07-04,38,17.85
공기청정기,2018-07-06,31,10.071428571428571
공기청정기,2018-07-14,21,19.642857142857142
공기청정기,2018-07-18,58,31.56
공기청정기,2018-07-20,33,32.642857142857146
공기청정기,2018-07-22,19,26.4
공기청정기,2018-07-23,41,22.52
공기청정기,2018-07-24,48,25.72
공기청정기,2018-07-25,37,24.48
공기청정기,2018-07-26,32,28.48
공기청정기,2018-07-27,28,30.62962962962963
공기청정기,2018-07-28,41,27.5
공기청정기,2018-07-29,24,18.96
공기청정기,2018-07-30,16,14.047619047619047
공기청정기,2018-07-31,35,16.434782608695652
공기청정기,2018-08-01,41,21.8
공기청정기,2018-08-03,24,24.5
공기청정기,2018-08-05,15,20.0
공기청정기,2018-08-07,29,17.1
공기청정기,2018-08-08,27,19.0
공기청정기,2018-08-15,11,21.90909090909091
공기청정기,2018-08-18,11,16.714285714285715
공기청정기,2018-08-19,9,19.4
공기청정기,2018-08-22,14,20.48
공기청정기,2018-08-27,29,14.055555555555555
공기청정기,2018-08-28,57,13.45
공기청정기,2018-08-29,26,16.15
공기청정기,2018-08-30,22,15.727272727272728
공기청정기,2018-09-02,21,13.652173913043478
공기청정기,2018-09-06,38,24.0
공기청정기,2018-09-09,31,18.0
공기청정기,2018-09-11,31,14.842105263157896
공기청정기,2018-09-12,41,16.26086956521739
공기청정기,2018-09-13,27,17.96
공기청정기,2018-09-14,34,14.434782608695652
공기청정기,2018-09-15,8,14.166666666666666
공기청정기,2018-09-17,32,25.72
공기청정기,2018-09-20,16,15.136363636363637
공기청정기,2018-09-21,62,10.842105263157896
공기청정기,2018-09-24,53,17.384615384615383
공기청정기,2018-09-25,20,14.416666666666666
공기청정기,2018-09-27,48,11.8
공기청정기,2018-09-29,28,14.962962962962964
공기청정기,2018-09-30,45,18.44
공기청정기,2018-10-01,56,16.192307692307693
공기청정기,2018-10-02,36,20.5
공기청정기,2018-10-03,43,20.62962962962963
공기청정기,2018-10-04,58,19.703703703703702
공기청정기,2018-10-05,36,10.785714285714286
공기청정기,2018-10-06,21,22.5
공기청정기,2018-10-07,36,23.74074074074074
공기청정기,2018-10-08,57,19.666666666666668
공기청정기,2018-10-09,35,21.27586206896552
공기청정기,2018-10-10,51,18.14814814814815
공기청정기,2018-10-11,68,15.23076923076923
공기청정기,2018-10-12,31,18.76
공기청정기,2018-10-13,31,21.22222222222222
공기청정기,2018-10-15,103,40.44827586206897
공기청정기,2018-10-16,132,38.06896551724138
공기청정기,2018-10-17,113,26.26923076923077
공기청정기,2018-10-18,73,18.0
공기청정기,2018-10-19,52,17.318181818181817
공기청정기,2018-10-20,34,24.464285714285715
공기청정기,2018-10-21,50,27.11111111111111
공기청정기,2018-10-22,79,29.178571428571427
공기청정기,2018-10-23,84,30.0
공기청정기,2018-10-25,83,32.44827586206897
공기청정기,2018-10-26,51,27.96551724137931
공기청정기,2018-10-27,21,23.448275862068964
공기청정기,2018-10-28,44,20.91304347826087
공기청정기,2018-10-29,57,17.22222222222222
공기청정기,2018-10-30,63,17.607142857142858
공기청정기,2018-10-31,52,18.071428571428573
공기청정기,2018-11-01,161,21.96296296296296
공기청정기,2018-11-03,51,29.6896551724138
공기청정기,2018-11-05,186,35.96551724137931
공기청정기,2018-11-06,288,48.06896551724138
공기청정기,2018-11-07,487,41.46153846153846
공기청정기,2018-11-08,182,16.84
공기청정기,2018-11-09,165,29.857142857142858
공기청정기,2018-11-10,168,45.0
공기청정기,2018-11-11,324,38.03448275862069
공기청정기,2018-11-12,694,24.392857142857142
공기청정기,2018-11-14,213,24.23076923076923
공기청정기,2018-11-15,314,29.56
공기청정기,2018-11-16,351,33.464285714285715
공기청정기,2018-11-17,116,25.07407407407408
공기청정기,2018-11-18,104,25.928571428571427
공기청정기,2018-11-19,250,38.58620689655172
공기청정기,2018-11-21,232,34.17857142857143
공기청정기,2018-11-22,150,19.964285714285715
공기청정기,2018-11-23,110,21.857142857142858
공기청정기,2018-11-25,96,33.44827586206897
공기청정기,2018-11-26,129,38.06896551724138
공기청정기,2018-11-27,279,68.03448275862068
공기청정기,2018-11-28,324,101.75862068965516
공기청정기,2018-11-29,242,86.03448275862068
공기청정기,2018-11-30,306,69.62068965517241
공기청정기,2018-12-01,180,49.55172413793103
공기청정기,2018-12-03,336,33.758620689655174
공기청정기,2018-12-04,234,32.42307692307692
공기청정기,2018-12-05,199,25.51851851851852
공기청정기,2018-12-06,168,26.44
공기청정기,2018-12-07,143,19.814814814814813
공기청정기,2018-12-08,71,18.25
공기청정기,2018-12-09,99,18.41379310344828
공기청정기,2018-12-10,162,23.65384615384616
공기청정기,2018-12-11,166,26.73076923076923
공기청정기,2018-12-12,142,29.51851851851852
공기청정기,2018-12-14,74,23.814814814814813
공기청정기,2018-12-15,45,30.925925925925927
공기청정기,2018-12-16,50,31.14814814814815
공기청정기,2018-12-22,161,53.241379310344826
공기청정기,2018-12-23,235,38.06896551724138
공기청정기,2018-12-24,165,19.724137931034484
공기청정기,2018-12-25,84,25.93103448275862
공기청정기,2018-12-26,148,34.3448275862069
공기청정기,2018-12-27,95,19.517241379310345
공기청정기,2018-12-28,102,24.714285714285715
공기청정기,2018-12-29,84,26.17241379310345
공기청정기,2018-12-30,88,22.571428571428573
공기청정기,2018-12-31,289,28.77777777777778
공기청정기,2019-01-01,138,26.214285714285715
공기청정기,2019-01-03,113,24.928571428571427
공기청정기,2019-01-04,93,38.535714285714285
공기청정기,2019-01-05,102,47.3448275862069
공기청정기,2019-01-06,114,30.41379310344828
공기청정기,2019-01-08,86,36.75862068965517
공기청정기,2019-01-11,175,54.172413793103445
공기청정기,2019-01-12,110,55.57142857142857
공기청정기,2019-01-13,247,70.41379310344827
공기청정기,2019-01-17,574,32.310344827586206
공기청정기,2019-01-18,909,44.10714285714285
공기청정기,2019-01-19,222,57.10344827586207
공기청정기,2019-01-20,303,39.62068965517241
공기청정기,2019-01-21,294,29.27586206896552
공기청정기,2019-01-22,350,52.06896551724138
공기청정기,2019-01-23,281,58.82142857142857
공기청정기,2019-01-24,263,29.13793103448276
공기청정기,2019-01-25,235,32.892857142857146
공기청정기,2019-01-26,169,33.0
공기청정기,2019-01-27,199,27.17241379310345
공기청정기,2019-01-28,320,57.72413793103448
공기청정기,2019-01-30,170,46.96551724137931
공기청정기,2019-01-31,214,45.66666666666666
공기청정기,2019-02-02,116,46.37931034482759
공기청정기,2019-02-03,88,34.148148148148145
공기청정기,2019-02-05,124,83.58620689655173
공기청정기,2019-02-08,298,22.58620689655172
공기청정기,2019-02-09,106,26.379310344827587
공기청정기,2019-02-10,159,28.58620689655172
공기청정기,2019-02-11,268,27.41379310344828
공기청정기,2019-02-12,225,46.0
공기청정기,2019-02-14,278,32.370370370370374
공기청정기,2019-02-16,132,43.27586206896552
공기청정기,2019-02-17,158,31.5
공기청정기,2019-02-18,242,28.58620689655172
공기청정기,2019-02-19,320,23.615384615384617
공기청정기,2019-02-20,178,41.86206896551724
공기청정기,2019-02-21,265,55.82142857142857
공기청정기,2019-02-22,222,52.27586206896552
공기청정기,2019-02-23,293,47.96428571428572
공기청정기,2019-02-24,295,44.206896551724135
공기청정기,2019-02-25,421,50.93103448275862
공기청정기,2019-02-26,364,43.392857142857146
공기청정기,2019-02-27,279,43.206896551724135
공기청정기,2019-02-28,684,76.0
공기청정기,2019-03-01,317,91.60714285714286
공기청정기,2019-03-03,826,69.96153846153847
공기청정기,2019-03-04,1358,88.88
공기청정기,2019-03-05,3165,123.44
공기청정기,2019-03-07,1747,49.89655172413793
공기청정기,2019-03-08,1583,36.10714285714285
공기청정기,2019-03-10,1303,30.310344827586206
공기청정기,2019-03-11,1152,37.793103448275865
공기청정기,2019-03-12,854,50.93103448275862
공기청정기,2019-03-13,821,31.48275862068965
공기청정기,2019-03-15,392,31.814814814814813
공기청정기,2019-03-16,426,27.77777777777778
공기청정기,2019-03-17,683,28.107142857142858
공기청정기,2019-03-18,419,28.666666666666668
공기청정기,2019-03-19,500,40.71428571428572
공기청정기,2019-03-21,837,25.214285714285715
공기청정기,2019-03-22,273,35.10344827586207
공기청정기,2019-03-23,314,22.321428571428573
공기청정기,2019-03-24,160,23.24137931034483
공기청정기,2019-03-25,514,37.44827586206897
공기청정기,2019-03-26,418,44.37931034482759
공기청정기,2019-03-27,393,53.13793103448276
공기청정기,2019-03-28,440,44.892857142857146
공기청정기,2019-03-29,319,32.89655172413793
공기청정기,2019-03-30,173,27.06896551724138
공기청정기,2019-03-31,184,30.428571428571427
공기청정기,2019-04-01,338,22.517241379310345
공기청정기,2019-04-02,336,24.379310344827587
공기청정기,2019-04-04,232,32.827586206896555
공기청정기,2019-04-05,272,74.28571428571429
공기청정기,2019-04-09,316,22.33333333333333
공기청정기,2019-04-11,321,19.88888888888889
공기청정기,2019-04-12,228,30.785714285714285
공기청정기,2019-04-14,109,29.89655172413793
공기청정기,2019-04-16,195,37.71428571428572
공기청정기,2019-04-17,246,34.15384615384615
공기청정기,2019-04-18,159,28.0
공기청정기,2019-04-20,225,33.241379310344826
공기청정기,2019-04-23,177,40.035714285714285
공기청정기,2019-04-25,145,39.37037037037037
공기청정기,2019-04-26,118,14.142857142857142
공기청정기,2019-04-27,94,15.25
공기청정기,2019-04-29,201,17.96
공기청정기,2019-05-01,279,48.92592592592592
공기청정기,2019-05-02,303,56.62068965517241
공기청정기,2019-05-04,178,55.07142857142857
공기청정기,2019-05-05,264,48.92857142857143
공기청정기,2019-05-09,259,37.25
공기청정기,2019-05-11,264,39.60714285714285
공기청정기,2019-05-12,227,36.10344827586207
공기청정기,2019-05-14,86,38.11111111111112
공기청정기,2019-05-16,203,42.51851851851852
공기청정기,2019-05-17,228,35.785714285714285
공기청정기,2019-05-18,125,20.26923076923077
공기청정기,2019-05-20,198,28.76
공기청정기,2019-05-23,126,51.46428571428572
공기청정기,2019-05-25,111,48.62068965517241
공기청정기,2019-05-26,91,33.75
공기청정기,2019-05-27,99,19.181818181818183
공기청정기,2019-05-29,215,33.964285714285715
공기청정기,2019-06-01,60,26.321428571428573
공기청정기,2019-06-05,78,33.0
공기청정기,2019-06-06,62,39.88461538461539
공기청정기,2019-06-21,91,25.23076923076923
공기청정기,2019-06-24,57,18.26086956521739
공기청정기,2019-07-10,65,12.45
공기청정기,2019-07-12,72,14.92
공기청정기,2019-07-16,50,22.52
공기청정기,2019-07-17,66,26.035714285714285
공기청정기,2019-07-19,52,20.12
공기청정기,2019-07-23,59,20.84
공기청정기,2019-07-26,71,18.84210526315789
공기청정기,2019-07-31,30,13.666666666666666
공기청정기,2019-08-01,101,14.045454545454543
공기청정기,2019-08-03,43,21.625
공기청정기,2019-08-06,65,28.875
공기청정기,2019-08-09,44,20.91304347826087
공기청정기,2019-08-19,116,25.57692307692308
공기청정기,2019-08-25,16,19.45833333333333
공기청정기,2019-08-28,63,19.08
공기청정기,2019-08-29,56,23.846153846153847
공기청정기,2019-08-30,34,19.33333333333333
공기청정기,2019-08-31,19,16.6
공기청정기,2019-09-01,88,20.12
공기청정기,2019-09-02,73,19.84
공기청정기,2019-09-04,69,11.958333333333334
공기청정기,2019-09-05,88,16.0
공기청정기,2019-09-09,57,24.0
공기청정기,2019-09-10,25,22.26923076923077
공기청정기,2019-09-11,27,19.39130434782609
공기청정기,2019-09-12,30,12.73913043478261
공기청정기,2019-09-14,25,15.217391304347826
공기청정기,2019-09-15,36,15.666666666666666
공기청정기,2019-09-16,73,16.875
공기청정기,2019-09-17,59,19.52173913043478
공기청정기,2019-09-18,115,24.6
공기청정기,2019-09-19,72,23.36
공기청정기,2019-09-21,48,13.80952380952381
공기청정기,2019-09-22,178,14.444444444444445
공기청정기,2019-09-23,148,13.473684210526317
공기청정기,2019-09-25,123,23.681818181818183
공기청정기,2019-09-27,58,24.58333333333333
공기청정기,2019-09-28,25,24.77777777777778
공기청정기,2019-09-29,19,30.24137931034483
공기청정기,2019-10-01,82,33.0
공기청정기,2019-10-02,72,18.95
공기청정기,2019-10-03,56,22.0
공기청정기,2019-10-04,70,30.58333333333333
공기청정기,2019-10-05,47,27.09090909090909
공기청정기,2019-10-06,58,14.863636363636363
공기청정기,2019-10-07,130,11.714285714285714
공기청정기,2019-10-09,26,30.580422726015502
공기청정기,2019-10-10,77,21.96153846153846
공기청정기,2019-10-11,71,28.74074074074074
공기청정기,2019-10-12,62,25.77777777777778
공기청정기,2019-10-14,167,26.03846153846154
공기청정기,2019-10-17,86,24.96153846153846
공기청정기,2019-10-20,54,28.727272727272727
공기청정기,2019-10-21,209,30.68
공기청정기,2019-10-23,82,24.192307692307693
공기청정기,2019-10-24,113,24.464285714285715
공기청정기,2019-10-26,106,20.115384615384617
공기청정기,2019-10-27,86,20.0
공기청정기,2019-10-28,135,28.57692307692308
공기청정기,2019-10-31,91,62.11111111111112
공기청정기,2019-11-04,254,22.115384615384617
공기청정기,2019-11-05,164,29.20689655172414
공기청정기,2019-11-09,65,32.51724137931034
공기청정기,2019-11-10,89,30.821428571428573
공기청정기,2019-11-12,115,28.51851851851852
공기청정기,2019-11-14,79,19.928571428571427
공기청정기,2019-11-15,84,29.814814814814813
공기청정기,2019-11-17,67,29.296296296296298
공기청정기,2019-11-18,105,62.392857142857146
공기청정기,2019-11-20,90,19.928571428571427
공기청정기,2019-11-21,217,28.857142857142858
공기청정기,2019-11-22,89,31.714285714285715
공기청정기,2019-11-24,56,25.892857142857142
공기청정기,2019-11-26,96,21.0
공기청정기,2019-11-29,60,22.115384615384617
공기청정기,2019-12-01,76,26.75
공기청정기,2019-12-02,133,18.41379310344828
공기청정기,2019-12-04,80,24.892857142857142
공기청정기,2019-12-05,74,19.0
공기청정기,2019-12-08,50,33.44827586206897
공기청정기,2019-12-10,219,64.74074074074075
공기청정기,2019-12-11,368,52.17857142857143
공기청정기,2019-12-12,189,16.464285714285715
공기청정기,2019-12-15,85,27.428571428571427
공기청정기,2019-12-16,211,27.55172413793104
공기청정기,2019-12-17,101,24.79310344827586
공기청정기,2019-12-18,87,26.25
공기청정기,2019-12-19,110,20.103448275862068
공기청정기,2019-12-20,115,23.5
공기청정기,2019-12-21,61,29.48275862068965
공기청정기,2019-12-22,64,40.48275862068966
공기청정기,2019-12-23,112,37.03448275862069
공기청정기,2019-12-24,124,38.785714285714285
공기청정기,2019-12-25,102,34.22222222222222
공기청정기,2019-12-26,484,32.58620689655172
공기청정기,2019-12-28,55,32.86206896551724
공기청정기,2019-12-29,85,34.172413793103445
공기청정기,2019-12-30,135,24.296296296296298
공기청정기,2019-12-31,78,19.75862068965517
공기청정기,2018-03-10,42,31.428571428571427
공기청정기,2018-03-17,54,22.25
공기청정기,2018-03-18,81,29.03448275862069
공기청정기,2018-03-24,170,62.44827586206897
공기청정기,2018-03-28,758,40.46428571428572
공기청정기,2018-03-29,828,36.55172413793103
공기청정기,2018-03-30,513,37.41379310344828
공기청정기,2018-04-03,367,44.96153846153846
공기청정기,2018-04-04,215,19.41176470588235
공기청정기,2018-04-05,230,12.875
공기청정기,2018-04-08,272,32.62068965517241
공기청정기,2018-04-13,238,33.13793103448276
공기청정기,2018-04-15,483,89.51724137931035
공기청정기,2018-04-22,325,34.214285714285715
공기청정기,2018-04-27,180,36.81481481481482
공기청정기,2018-04-29,183,42.51724137931034
공기청정기,2018-05-03,347,34.130434782608695
공기청정기,2018-05-04,221,34.77777777777778
공기청정기,2018-05-05,188,33.0
공기청정기,2018-05-08,216,19.46153846153846
공기청정기,2018-05-13,172,18.51851851851852
공기청정기,2018-05-15,424,50.03448275862069
공기청정기,2018-05-22,260,22.517241379310345
공기청정기,2018-05-27,143,49.89655172413793
공기청정기,2018-05-29,155,33.96296296296296
공기청정기,2018-06-01,177,31.20689655172414
공기청정기,2018-06-02,51,31.0
공기청정기,2018-06-04,119,33.55172413793103
공기청정기,2018-06-05,76,33.827586206896555
공기청정기,2018-06-06,90,35.62068965517241
공기청정기,2018-06-07,138,38.72413793103448
공기청정기,2018-06-09,84,33.0
공기청정기,2018-06-10,324,15.947368421052632
공기청정기,2018-06-12,78,15.8
공기청정기,2018-06-13,51,21.807692307692307
공기청정기,2018-06-16,11,18.46153846153846
공기청정기,2018-06-17,39,25.24137931034483
공기청정기,2018-06-23,37,29.48275862068965
공기청정기,2018-06-24,36,37.51724137931034
공기청정기,2018-06-27,51,17.333333333333332
공기청정기,2018-06-28,65,15.8125
공기청정기,2018-06-29,43,21.6
공기청정기,2018-06-30,30,22.65217391304348
공기청정기,2018-07-03,70,15.22222222222222
공기청정기,2018-07-05,43,15.26086956521739
공기청정기,2018-07-07,103,13.5
공기청정기,2018-07-08,23,14.136363636363637
공기청정기,2018-07-09,41,9.904761904761903
공기청정기,2018-07-10,39,20.214285714285715
공기청정기,2018-07-11,50,24.115384615384617
공기청정기,2018-07-12,41,20.45833333333333
공기청정기,2018-07-13,56,17.625
공기청정기,2018-07-15,28,20.607142857142858
공기청정기,2018-07-21,24,32.74074074074074
공기청정기,2018-08-04,16,24.0
공기청정기,2018-08-06,32,21.318181818181817
공기청정기,2018-08-10,19,17.77777777777778
공기청정기,2018-08-11,9,14.904761904761903
공기청정기,2018-08-12,19,19.0
공기청정기,2018-08-13,28,21.666666666666668
공기청정기,2018-08-16,24,15.142857142857142
공기청정기,2018-08-20,18,25.26923076923077
공기청정기,2018-08-23,25,13.047619047619047
공기청정기,2018-08-24,11,14.0625
공기청정기,2018-08-25,14,20.25925925925926
공기청정기,2018-08-26,14,15.142857142857142
공기청정기,2018-08-31,34,16.0
공기청정기,2018-09-01,15,17.48
공기청정기,2018-09-03,51,14.52
공기청정기,2018-09-04,45,14.958333333333334
공기청정기,2018-09-05,43,19.72
공기청정기,2018-09-07,31,22.76
공기청정기,2018-09-08,20,18.62962962962963
공기청정기,2018-09-16,15,23.07407407407408
공기청정기,2018-09-22,8,27.32
공기청정기,2018-09-23,14,27.346153846153847
공기청정기,2019-02-04,191,67.65517241379311
공기청정기,2019-03-09,911,33.22222222222222
공기청정기,2019-03-14,489,31.571428571428573
공기청정기,2019-04-06,185,57.21428571428572
공기청정기,2019-04-13,214,32.48275862068966
공기청정기,2019-04-19,122,32.32142857142857
공기청정기,2019-04-21,80,31.17241379310345
공기청정기,2019-04-22,263,48.72413793103448
공기청정기,2019-04-24,229,26.296296296296298
공기청정기,2019-04-28,141,18.423076923076923
공기청정기,2019-05-06,185,35.535714285714285
공기청정기,2019-05-13,203,38.392857142857146
공기청정기,2019-05-19,117,15.08
공기청정기,2019-05-21,64,36.96428571428572
공기청정기,2019-05-22,231,43.86206896551724
공기청정기,2019-05-24,209,61.172413793103445
공기청정기,2019-05-28,140,18.96
공기청정기,2019-05-31,30,20.33333333333333
공기청정기,2019-06-02,85,28.5
공기청정기,2019-06-03,149,34.888888888888886
공기청정기,2019-06-04,142,35.77777777777778
공기청정기,2019-06-07,85,15.63157894736842
공기청정기,2019-06-08,53,21.83333333333333
공기청정기,2019-06-09,49,22.26923076923077
공기청정기,2019-06-10,88,14.947368421052632
공기청정기,2019-06-11,103,15.1
공기청정기,2019-06-12,64,22.166666666666668
공기청정기,2019-06-13,88,23.04
공기청정기,2019-06-15,114,24.2
공기청정기,2019-06-16,54,20.52380952380953
공기청정기,2019-06-17,114,21.185185185185187
공기청정기,2019-06-19,118,27.22222222222222
공기청정기,2019-06-20,136,26.615384615384617
공기청정기,2019-06-22,94,18.44
공기청정기,2019-06-23,34,16.904761904761905
공기청정기,2019-06-25,75,23.22222222222222
공기청정기,2019-06-26,67,24.291666666666668
공기청정기,2019-06-27,97,19.347826086956523
공기청정기,2019-06-28,43,23.44
공기청정기,2019-06-29,21,20.08333333333333
공기청정기,2019-06-30,33,22.185185185185187
공기청정기,2019-07-01,116,26.8
공기청정기,2019-07-02,114,23.75
공기청정기,2019-07-03,94,25.48148148148148
공기청정기,2019-07-04,89,27.11111111111111
공기청정기,2019-07-06,85,28.25
공기청정기,2019-07-08,64,15.4
공기청정기,2019-07-09,51,14.652173913043478
공기청정기,2019-07-11,58,10.235294117647058
공기청정기,2019-07-13,30,23.692307692307693
공기청정기,2019-07-14,76,27.392857142857142
공기청정기,2019-07-15,63,26.96
공기청정기,2019-07-18,123,27.88888888888889
공기청정기,2019-07-20,85,11.944444444444445
공기청정기,2019-07-21,40,17.863636363636363
공기청정기,2019-07-22,78,27.535714285714285
공기청정기,2019-07-24,45,18.571428571428573
공기청정기,2019-07-27,27,21.35
공기청정기,2019-07-28,31,15.55
공기청정기,2019-07-29,48,15.75
공기청정기,2019-07-30,41,16.083333333333332
공기청정기,2019-08-02,64,16.875
공기청정기,2019-08-04,47,28.03846153846154
공기청정기,2019-08-05,107,33.333333333333336
공기청정기,2019-08-08,54,27.625
공기청정기,2019-08-10,38,23.192307692307693
공기청정기,2019-08-11,22,19.07692307692308
공기청정기,2019-08-12,82,20.5
공기청정기,2019-08-13,41,21.04
공기청정기,2019-08-14,35,19.25
공기청정기,2019-08-15,48,12.45
공기청정기,2019-08-16,49,18.5
공기청정기,2019-08-17,32,28.0
공기청정기,2019-08-18,26,25.33333333333333
공기청정기,2019-08-21,42,27.25925925925926
공기청정기,2019-08-22,57,26.03846153846154
공기청정기,2019-08-23,49,28.321428571428573
공기청정기,2019-08-24,42,23.89655172413793
공기청정기,2019-08-27,59,18.76923076923077
공기청정기,2019-09-07,32,19.05
공기청정기,2019-09-13,56,14.478260869565217
공기정화 용품,2018-01-13,61,31.03846153846154
공기정화 용품,2018-01-17,543,37.2962962962963
공기정화 용품,2018-01-19,446,46.65384615384615
공기정화 용품,2018-01-29,214,33.7037037037037
공기정화 용품,2018-02-02,131,31.392857142857142
공기정화 용품,2018-02-06,129,22.678571428571427
공기정화 용품,2018-02-07,163,24.285714285714285
공기정화 용품,2018-02-22,155,36.392857142857146
공기정화 용품,2018-02-26,210,36.07142857142857
공기정화 용품,2018-02-27,332,50.629629629629626
공기정화 용품,2018-03-07,212,23.857142857142858
공기정화 용품,2018-03-08,144,21.904761904761905
공기정화 용품,2018-03-13,290,33.82142857142857
공기정화 용품,2018-03-14,377,22.76
공기정화 용품,2018-03-27,896,56.22222222222222
공기정화 용품,2018-04-19,470,49.51724137931034
공기정화 용품,2018-05-19,351,14.952380952380953
공기정화 용품,2018-06-11,151,13.857142857142858
공기정화 용품,2018-06-18,161,28.03703703703704
공기정화 용품,2018-06-19,153,28.846153846153847
공기정화 용품,2018-07-16,98,26.115384615384617
공기정화 용품,2018-07-17,96,30.44
공기정화 용품,2018-07-19,191,31.166666666666668
공기정화 용품,2018-08-02,68,23.192307692307693
공기정화 용품,2018-08-09,96,19.0
공기정화 용품,2018-08-14,43,21.24
공기정화 용품,2018-08-17,49,14.19047619047619
공기정화 용품,2018-08-21,53,22.39130434782609
공기정화 용품,2018-09-10,133,15.090909090909092
공기정화 용품,2018-09-18,92,27.46153846153846
공기정화 용품,2018-09-19,59,28.76
공기정화 용품,2018-09-26,66,12.608695652173912
공기정화 용품,2018-09-28,94,14.944444444444445
공기정화 용품,2018-10-14,79,22.77777777777778
공기정화 용품,2018-10-24,148,35.107142857142854
공기정화 용품,2018-11-02,97,28.296296296296298
공기정화 용품,2018-11-04,67,28.93103448275862
공기정화 용품,2018-11-13,301,24.0
공기정화 용품,2018-11-20,159,39.172413793103445
공기정화 용품,2018-11-24,79,28.384615384615383
공기정화 용품,2018-12-02,121,47.37931034482759
공기정화 용품,2018-12-13,95,29.285714285714285
공기정화 용품,2018-12-17,225,49.13793103448276
공기정화 용품,2018-12-18,142,33.32142857142857
공기정화 용품,2018-12-19,161,53.75
공기정화 용품,2018-12-20,251,53.75862068965517
공기정화 용품,2018-12-21,128,55.46428571428572
공기정화 용품,2019-01-02,160,24.07407407407408
공기정화 용품,2019-01-07,177,38.48275862068966
공기정화 용품,2019-01-09,148,32.925925925925924
공기정화 용품,2019-01-10,153,32.03448275862069
공기정화 용품,2019-01-14,787,99.13793103448276
공기정화 용품,2019-01-15,658,87.75862068965517
공기정화 용품,2019-01-16,593,34.27586206896552
공기정화 용품,2019-01-29,201,56.172413793103445
공기정화 용품,2019-02-01,131,30.821428571428573
공기정화 용품,2019-02-06,319,69.27586206896552
공기정화 용품,2019-02-07,257,42.82142857142857
공기정화 용품,2019-02-13,242,43.689655172413794
공기정화 용품,2019-02-15,171,33.44827586206897
공기정화 용품,2019-03-02,659,77.62962962962963
공기정화 용품,2019-03-06,2447,94.33333333333331
공기정화 용품,2019-03-20,519,55.03846153846154
공기정화 용품,2019-04-03,255,28.517241379310345
공기정화 용품,2019-04-07,168,43.42307692307692
공기정화 용품,2019-04-08,345,34.0
공기정화 용품,2019-04-10,204,11.555555555555555
공기정화 용품,2019-04-15,298,46.32142857142857
공기정화 용품,2019-04-30,188,22.392857142857142
공기정화 용품,2019-05-03,161,44.82758620689656
공기정화 용품,2019-05-07,142,35.55555555555556
공기정화 용품,2019-05-08,303,37.60714285714285
공기정화 용품,2019-05-10,137,38.46428571428572
공기정화 용품,2019-05-15,183,41.18518518518518
공기정화 용품,2019-05-30,125,33.758620689655174
공기정화 용품,2019-06-14,144,25.346153846153847
공기정화 용품,2019-06-18,157,24.62962962962963
공기정화 용품,2019-07-05,119,29.59259259259259
공기정화 용품,2019-07-07,81,19.692307692307693
공기정화 용품,2019-07-25,109,19.73076923076923
공기정화 용품,2019-08-07,92,27.08
공기정화 용품,2019-08-20,81,28.357142857142858
공기정화 용품,2019-08-26,118,21.13793103448276
공기정화 용품,2019-09-03,120,16.32
공기정화 용품,2019-09-06,98,17.153846153846153
공기정화 용품,2019-09-08,61,23.45833333333333
공기정화 용품,2019-09-20,103,20.0
공기정화 용품,2019-09-24,158,20.40909090909091
공기정화 용품,2019-09-26,144,23.52173913043478
공기정화 용품,2019-09-30,177,36.888888888888886
공기정화 용품,2019-10-08,117,30.580422726015502
공기정화 용품,2019-10-13,79,20.541666666666668
공기정화 용품,2019-10-15,151,20.681818181818183
공기정화 용품,2019-10-16,134,23.08333333333333
공기정화 용품,2019-10-18,102,17.782608695652176
공기정화 용품,2019-10-19,68,20.09090909090909
공기정화 용품,2019-10-22,188,26.08695652173913
공기정화 용품,2019-10-25,101,21.615384615384617
공기정화 용품,2019-10-29,243,68.0
공기정화 용품,2019-10-30,157,26.51851851851852
공기정화 용품,2019-11-01,322,85.0
공기정화 용품,2019-11-02,177,57.10344827586207
공기정화 용품,2019-11-03,194,45.15384615384615
공기정화 용품,2019-11-06,185,33.93103448275862
공기정화 용품,2019-11-07,175,33.89655172413793
공기정화 용품,2019-11-08,140,32.57692307692308
공기정화 용품,2019-11-11,241,25.107142857142858
공기정화 용품,2019-11-13,160,27.285714285714285
공기정화 용품,2019-11-16,111,32.827586206896555
공기정화 용품,2019-11-19,209,25.785714285714285
공기정화 용품,2019-11-23,110,24.96551724137931
공기정화 용품,2019-11-25,170,20.041666666666668
공기정화 용품,2019-11-27,130,25.517241379310345
공기정화 용품,2019-11-28,133,28.0
공기정화 용품,2019-11-30,86,27.11111111111111
공기정화 용품,2019-12-03,155,19.55172413793104
공기정화 용품,2019-12-06,122,20.48148148148148
공기정화 용품,2019-12-07,77,29.620689655172413
공기정화 용품,2019-12-09,225,42.629629629629626
공기정화 용품,2019-12-13,149,22.464285714285715
공기정화 용품,2019-12-14,101,29.655172413793103
공기정화 용품,2019-12-27,148,22.655172413793103
공기정화 용품,2018-01-01,120,32.96296296296296
공기정화 용품,2018-01-02,191,40.03703703703704
공기정화 용품,2018-01-03,161,23.185185185185187
공기정화 용품,2018-01-04,118,26.423076923076923
공기정화 용품,2018-01-05,196,29.642857142857142
공기정화 용품,2018-01-06,98,28.25925925925926
공기정화 용품,2018-01-07,100,32.65384615384615
공기정화 용품,2018-01-08,204,28.25925925925926
공기정화 용품,2018-01-09,197,30.37037037037037
공기정화 용품,2018-01-10,110,21.88888888888889
공기정화 용품,2018-01-11,142,21.48148148148148
공기정화 용품,2018-01-12,201,18.444444444444443
공기정화 용품,2018-01-14,117,38.77777777777778
공기정화 용품,2018-01-15,278,42.22222222222222
공기정화 용품,2018-01-16,353,48.65384615384615
공기정화 용품,2018-01-18,383,68.85185185185185
공기정화 용품,2018-01-20,261,73.22222222222223
공기정화 용품,2018-01-21,348,58.74074074074074
공기정화 용품,2018-01-22,375,41.629629629629626
공기정화 용품,2018-01-23,215,20.615384615384617
공기정화 용품,2018-01-24,174,21.62962962962963
공기정화 용품,2018-01-25,198,18.15384615384616
공기정화 용품,2018-01-26,202,21.11111111111111
공기정화 용품,2018-01-27,159,27.11111111111111
공기정화 용품,2018-01-28,144,24.115384615384617
공기정화 용품,2018-01-30,163,32.57142857142857
공기정화 용품,2018-01-31,214,31.535714285714285
공기정화 용품,2018-02-01,218,29.5
공기정화 용품,2018-02-03,60,28.392857142857142
공기정화 용품,2018-02-04,257,22.142857142857142
공기정화 용품,2018-02-05,162,20.615384615384617
공기정화 용품,2018-02-08,213,36.67857142857143
공기정화 용품,2018-02-09,163,42.25
공기정화 용품,2018-02-10,83,54.0
공기정화 용품,2018-02-11,127,40.172413793103445
공기정화 용품,2018-02-12,133,36.10344827586207
공기정화 용품,2018-02-13,53,38.07142857142857
공기정화 용품,2018-02-14,70,52.42857142857143
공기정화 용품,2018-02-15,76,36.241379310344826
공기정화 용품,2018-02-16,46,30.517241379310345
공기정화 용품,2018-02-17,125,32.0
공기정화 용품,2018-02-18,241,28.379310344827587
공기정화 용품,2018-02-19,325,44.82758620689656
공기정화 용품,2018-02-20,247,47.82758620689656
공기정화 용품,2018-02-21,182,27.703703703703702
공기정화 용품,2018-02-23,217,59.0
공기정화 용품,2018-02-24,132,53.13793103448276
공기정화 용품,2018-02-25,135,34.06896551724138
공기정화 용품,2018-02-28,203,39.1764705882353
공기정화 용품,2018-03-01,251,33.592592592592595
공기정화 용품,2018-03-02,151,41.86206896551724
공기정화 용품,2018-03-03,81,35.62068965517241
공기정화 용품,2018-03-04,142,22.22222222222222
공기정화 용품,2018-03-05,192,16.75
공기정화 용품,2018-03-06,203,22.923076923076923
공기정화 용품,2018-03-09,152,33.714285714285715
공기정화 용품,2018-03-11,135,44.785714285714285
공기정화 용품,2018-03-12,385,61.241379310344826
공기정화 용품,2018-03-15,167,18.884615384615383
공기정화 용품,2018-03-16,135,19.45
공기정화 용품,2018-03-19,146,20.166666666666668
공기정화 용품,2018-03-20,152,16.22222222222222
공기정화 용품,2018-03-21,173,12.63157894736842
공기정화 용품,2018-03-22,158,23.807692307692307
공기정화 용품,2018-03-23,150,39.62068965517241
공기정화 용품,2018-03-25,445,53.5
공기정화 용품,2018-03-26,1365,46.14814814814815
공기정화 용품,2018-03-31,380,45.03448275862069
공기정화 용품,2018-04-01,362,57.25
공기정화 용품,2018-04-02,488,54.32142857142857
공기정화 용품,2018-04-06,295,85.73076923076923
공기정화 용품,2018-04-07,198,43.93103448275862
공기정화 용품,2018-04-09,495,41.96428571428572
공기정화 용품,2018-04-10,377,37.96428571428572
공기정화 용품,2018-04-11,410,47.035714285714285
공기정화 용품,2018-04-12,229,35.03448275862069
공기정화 용품,2018-04-14,141,19.08333333333333
공기정화 용품,2018-04-16,355,39.10344827586207
공기정화 용품,2018-04-17,245,54.67857142857143
공기정화 용품,2018-04-18,265,61.7037037037037
공기정화 용품,2018-04-20,292,67.3103448275862
공기정화 용품,2018-04-21,213,50.06896551724138
공기정화 용품,2018-04-23,228,13.142857142857142
공기정화 용품,2018-04-24,189,11.666666666666666
공기정화 용품,2018-04-25,226,26.384615384615383
공기정화 용품,2018-04-26,264,34.17857142857143
공기정화 용품,2018-04-28,210,42.892857142857146
공기정화 용품,2018-04-30,513,46.48275862068966
공기정화 용품,2018-05-01,259,40.689655172413794
공기정화 용품,2018-05-02,266,23.363636363636363
공기정화 용품,2018-05-06,149,15.73076923076923
공기정화 용품,2018-05-07,133,22.62962962962963
공기정화 용품,2018-05-09,313,19.916666666666668
공기정화 용품,2018-05-10,282,28.48275862068965
공기정화 용품,2018-05-11,289,33.10344827586207
공기정화 용품,2018-05-12,152,23.041666666666668
공기정화 용품,2018-05-14,85,41.206896551724135
공기정화 용품,2018-05-16,245,25.166666666666668
공기정화 용품,2018-05-17,203,15.875
공기정화 용품,2018-05-18,181,15.105263157894736
공기정화 용품,2018-05-20,225,13.85
공기정화 용품,2018-05-21,169,17.96153846153846
공기정화 용품,2018-05-23,157,34.08
공기정화 용품,2018-05-24,125,78.20689655172414
공기정화 용품,2018-05-25,129,70.96551724137932
공기정화 용품,2018-05-26,166,52.27586206896552
공기정화 용품,2018-05-28,142,40.48275862068966
공기정화 용품,2018-05-30,350,30.55555555555556
공기정화 용품,2018-05-31,92,29.0
공기정화 용품,2018-06-03,98,30.11111111111111
공기정화 용품,2018-06-08,120,35.25
공기정화 용품,2018-06-14,106,21.28
공기정화 용품,2018-06-15,102,19.125
공기정화 용품,2018-06-20,123,27.48148148148148
공기정화 용품,2018-06-21,131,29.178571428571427
공기정화 용품,2018-06-22,93,26.37037037037037
공기정화 용품,2018-06-25,122,39.57142857142857
공기정화 용품,2018-06-26,154,28.68
공기정화 용품,2018-07-01,124,14.733333333333333
공기정화 용품,2018-07-02,159,13.285714285714286
공기정화 용품,2018-07-04,105,17.85
공기정화 용품,2018-07-06,61,10.071428571428571
공기정화 용품,2018-07-14,42,19.642857142857142
공기정화 용품,2018-07-18,89,31.56
공기정화 용품,2018-07-20,146,32.642857142857146
공기정화 용품,2018-07-22,52,26.4
공기정화 용품,2018-07-23,90,22.52
공기정화 용품,2018-07-24,103,25.72
공기정화 용품,2018-07-25,89,24.48
공기정화 용품,2018-07-26,53,28.48
공기정화 용품,2018-07-27,67,30.62962962962963
공기정화 용품,2018-07-28,29,27.5
공기정화 용품,2018-07-29,47,18.96
공기정화 용품,2018-07-30,74,14.047619047619047
공기정화 용품,2018-07-31,74,16.434782608695652
공기정화 용품,2018-08-01,70,21.8
공기정화 용품,2018-08-03,90,24.5
공기정화 용품,2018-08-05,43,20.0
공기정화 용품,2018-08-07,59,17.1
공기정화 용품,2018-08-08,75,19.0
공기정화 용품,2018-08-15,57,21.90909090909091
공기정화 용품,2018-08-18,24,16.714285714285715
공기정화 용품,2018-08-19,112,19.4
공기정화 용품,2018-08-22,80,20.48
공기정화 용품,2018-08-27,62,14.055555555555555
공기정화 용품,2018-08-28,59,13.45
공기정화 용품,2018-08-29,76,16.15
공기정화 용품,2018-08-30,69,15.727272727272728
공기정화 용품,2018-09-02,113,13.652173913043478
공기정화 용품,2018-09-06,77,24.0
공기정화 용품,2018-09-09,52,18.0
공기정화 용품,2018-09-11,92,14.842105263157896
공기정화 용품,2018-09-12,73,16.26086956521739
공기정화 용품,2018-09-13,66,17.96
공기정화 용품,2018-09-14,67,14.434782608695652
공기정화 용품,2018-09-15,36,14.166666666666666
공기정화 용품,2018-09-17,77,25.72
공기정화 용품,2018-09-20,57,15.136363636363637
공기정화 용품,2018-09-21,42,10.842105263157896
공기정화 용품,2018-09-24,24,17.384615384615383
공기정화 용품,2018-09-25,44,14.416666666666666
공기정화 용품,2018-09-27,134,11.8
공기정화 용품,2018-09-29,45,14.962962962962964
공기정화 용품,2018-09-30,66,18.44
공기정화 용품,2018-10-01,140,16.192307692307693
공기정화 용품,2018-10-02,67,20.5
공기정화 용품,2018-10-03,72,20.62962962962963
공기정화 용품,2018-10-04,144,19.703703703703702
공기정화 용품,2018-10-05,87,10.785714285714286
공기정화 용품,2018-10-06,49,22.5
공기정화 용품,2018-10-07,52,23.74074074074074
공기정화 용품,2018-10-08,75,19.666666666666668
공기정화 용품,2018-10-09,48,21.27586206896552
공기정화 용품,2018-10-10,99,18.14814814814815
공기정화 용품,2018-10-11,87,15.23076923076923
공기정화 용품,2018-10-12,82,18.76
공기정화 용품,2018-10-13,48,21.22222222222222
공기정화 용품,2018-10-15,173,40.44827586206897
공기정화 용품,2018-10-16,203,38.06896551724138
공기정화 용품,2018-10-17,149,26.26923076923077
공기정화 용품,2018-10-18,118,18.0
공기정화 용품,2018-10-19,119,17.318181818181817
공기정화 용품,2018-10-20,71,24.464285714285715
공기정화 용품,2018-10-21,91,27.11111111111111
공기정화 용품,2018-10-22,132,29.178571428571427
공기정화 용품,2018-10-23,196,30.0
공기정화 용품,2018-10-25,139,32.44827586206897
공기정화 용품,2018-10-26,113,27.96551724137931
공기정화 용품,2018-10-27,56,23.448275862068964
공기정화 용품,2018-10-28,94,20.91304347826087
공기정화 용품,2018-10-29,119,17.22222222222222
공기정화 용품,2018-10-30,111,17.607142857142858
공기정화 용품,2018-10-31,140,18.071428571428573
공기정화 용품,2018-11-01,130,21.96296296296296
공기정화 용품,2018-11-03,53,29.6896551724138
공기정화 용품,2018-11-05,161,35.96551724137931
공기정화 용품,2018-11-06,313,48.06896551724138
공기정화 용품,2018-11-07,685,41.46153846153846
공기정화 용품,2018-11-08,219,16.84
공기정화 용품,2018-11-09,197,29.857142857142858
공기정화 용품,2018-11-10,196,45.0
공기정화 용품,2018-11-11,320,38.03448275862069
공기정화 용품,2018-11-12,407,24.392857142857142
공기정화 용품,2018-11-14,205,24.23076923076923
공기정화 용품,2018-11-15,233,29.56
공기정화 용품,2018-11-16,159,33.464285714285715
공기정화 용품,2018-11-17,104,25.07407407407408
공기정화 용품,2018-11-18,103,25.928571428571427
공기정화 용품,2018-11-19,179,38.58620689655172
공기정화 용품,2018-11-21,173,34.17857142857143
공기정화 용품,2018-11-22,111,19.964285714285715
공기정화 용품,2018-11-23,115,21.857142857142858
공기정화 용품,2018-11-25,226,33.44827586206897
공기정화 용품,2018-11-26,182,38.06896551724138
공기정화 용품,2018-11-27,292,68.03448275862068
공기정화 용품,2018-11-28,315,101.75862068965516
공기정화 용품,2018-11-29,527,86.03448275862068
공기정화 용품,2018-11-30,173,69.62068965517241
공기정화 용품,2018-12-01,95,49.55172413793103
공기정화 용품,2018-12-03,230,33.758620689655174
공기정화 용품,2018-12-04,167,32.42307692307692
공기정화 용품,2018-12-05,121,25.51851851851852
공기정화 용품,2018-12-06,159,26.44
공기정화 용품,2018-12-07,92,19.814814814814813
공기정화 용품,2018-12-08,62,18.25
공기정화 용품,2018-12-09,92,18.41379310344828
공기정화 용품,2018-12-10,177,23.65384615384616
공기정화 용품,2018-12-11,144,26.73076923076923
공기정화 용품,2018-12-12,142,29.51851851851852
공기정화 용품,2018-12-14,107,23.814814814814813
공기정화 용품,2018-12-15,76,30.925925925925927
공기정화 용품,2018-12-16,86,31.14814814814815
공기정화 용품,2018-12-22,121,53.241379310344826
공기정화 용품,2018-12-23,178,38.06896551724138
공기정화 용품,2018-12-24,168,19.724137931034484
공기정화 용품,2018-12-25,130,25.93103448275862
공기정화 용품,2018-12-26,172,34.3448275862069
공기정화 용품,2018-12-27,135,19.517241379310345
공기정화 용품,2018-12-28,130,24.714285714285715
공기정화 용품,2018-12-29,61,26.17241379310345
공기정화 용품,2018-12-30,80,22.571428571428573
공기정화 용품,2018-12-31,150,28.77777777777778
공기정화 용품,2019-01-01,116,26.214285714285715
공기정화 용품,2019-01-03,144,24.928571428571427
공기정화 용품,2019-01-04,142,38.535714285714285
공기정화 용품,2019-01-05,114,47.3448275862069
공기정화 용품,2019-01-06,111,30.41379310344828
공기정화 용품,2019-01-08,169,36.75862068965517
공기정화 용품,2019-01-11,167,54.172413793103445
공기정화 용품,2019-01-12,129,55.57142857142857
공기정화 용품,2019-01-13,226,70.41379310344827
공기정화 용품,2019-01-17,486,32.310344827586206
공기정화 용품,2019-01-18,410,44.10714285714285
공기정화 용품,2019-01-19,318,57.10344827586207
공기정화 용품,2019-01-20,284,39.62068965517241
공기정화 용품,2019-01-21,296,29.27586206896552
공기정화 용품,2019-01-22,293,52.06896551724138
공기정화 용품,2019-01-23,241,58.82142857142857
공기정화 용품,2019-01-24,172,29.13793103448276
공기정화 용품,2019-01-25,221,32.892857142857146
공기정화 용품,2019-01-26,159,33.0
공기정화 용품,2019-01-27,125,27.17241379310345
공기정화 용품,2019-01-28,306,57.72413793103448
공기정화 용품,2019-01-30,215,46.96551724137931
공기정화 용품,2019-01-31,122,45.66666666666666
공기정화 용품,2019-02-02,104,46.37931034482759
공기정화 용품,2019-02-03,81,34.148148148148145
공기정화 용품,2019-02-05,119,83.58620689655173
공기정화 용품,2019-02-08,201,22.58620689655172
공기정화 용품,2019-02-09,197,26.379310344827587
공기정화 용품,2019-02-10,153,28.58620689655172
공기정화 용품,2019-02-11,249,27.41379310344828
공기정화 용품,2019-02-12,220,46.0
공기정화 용품,2019-02-14,389,32.370370370370374
공기정화 용품,2019-02-16,145,43.27586206896552
공기정화 용품,2019-02-17,269,31.5
공기정화 용품,2019-02-18,204,28.58620689655172
공기정화 용품,2019-02-19,170,23.615384615384617
공기정화 용품,2019-02-20,236,41.86206896551724
공기정화 용품,2019-02-21,226,55.82142857142857
공기정화 용품,2019-02-22,256,52.27586206896552
공기정화 용품,2019-02-23,315,47.96428571428572
공기정화 용품,2019-02-24,321,44.206896551724135
공기정화 용품,2019-02-25,345,50.93103448275862
공기정화 용품,2019-02-26,302,43.392857142857146
공기정화 용품,2019-02-27,223,43.206896551724135
공기정화 용품,2019-02-28,272,76.0
공기정화 용품,2019-03-01,358,91.60714285714286
공기정화 용품,2019-03-03,716,69.96153846153847
공기정화 용품,2019-03-04,1348,88.88
공기정화 용품,2019-03-05,2599,123.44
공기정화 용품,2019-03-07,1819,49.89655172413793
공기정화 용품,2019-03-08,1127,36.10714285714285
공기정화 용품,2019-03-10,761,30.310344827586206
공기정화 용품,2019-03-11,962,37.793103448275865
공기정화 용품,2019-03-12,677,50.93103448275862
공기정화 용품,2019-03-13,596,31.48275862068965
공기정화 용품,2019-03-15,487,31.814814814814813
공기정화 용품,2019-03-16,293,27.77777777777778
공기정화 용품,2019-03-17,806,28.107142857142858
공기정화 용품,2019-03-18,422,28.666666666666668
공기정화 용품,2019-03-19,401,40.71428571428572
공기정화 용품,2019-03-21,534,25.214285714285715
공기정화 용품,2019-03-22,450,35.10344827586207
공기정화 용품,2019-03-23,397,22.321428571428573
공기정화 용품,2019-03-24,257,23.24137931034483
공기정화 용품,2019-03-25,382,37.44827586206897
공기정화 용품,2019-03-26,377,44.37931034482759
공기정화 용품,2019-03-27,453,53.13793103448276
공기정화 용품,2019-03-28,366,44.892857142857146
공기정화 용품,2019-03-29,336,32.89655172413793
공기정화 용품,2019-03-30,614,27.06896551724138
공기정화 용품,2019-03-31,251,30.428571428571427
공기정화 용품,2019-04-01,334,22.517241379310345
공기정화 용품,2019-04-02,315,24.379310344827587
공기정화 용품,2019-04-04,269,32.827586206896555
공기정화 용품,2019-04-05,254,74.28571428571429
공기정화 용품,2019-04-09,364,22.33333333333333
공기정화 용품,2019-04-11,203,19.88888888888889
공기정화 용품,2019-04-12,227,30.785714285714285
공기정화 용품,2019-04-14,159,29.89655172413793
공기정화 용품,2019-04-16,222,37.71428571428572
공기정화 용품,2019-04-17,184,34.15384615384615
공기정화 용품,2019-04-18,202,28.0
공기정화 용품,2019-04-20,184,33.241379310344826
공기정화 용품,2019-04-23,234,40.035714285714285
공기정화 용품,2019-04-25,208,39.37037037037037
공기정화 용품,2019-04-26,192,14.142857142857142
공기정화 용품,2019-04-27,103,15.25
공기정화 용품,2019-04-29,219,17.96
공기정화 용품,2019-05-01,233,48.92592592592592
공기정화 용품,2019-05-02,204,56.62068965517241
공기정화 용품,2019-05-04,182,55.07142857142857
공기정화 용품,2019-05-05,170,48.92857142857143
공기정화 용품,2019-05-09,226,37.25
공기정화 용품,2019-05-11,133,39.60714285714285
공기정화 용품,2019-05-12,135,36.10344827586207
공기정화 용품,2019-05-14,119,38.11111111111112
공기정화 용품,2019-05-16,131,42.51851851851852
공기정화 용품,2019-05-17,116,35.785714285714285
공기정화 용품,2019-05-18,124,20.26923076923077
공기정화 용품,2019-05-20,137,28.76
공기정화 용품,2019-05-23,160,51.46428571428572
공기정화 용품,2019-05-25,148,48.62068965517241
공기정화 용품,2019-05-26,155,33.75
공기정화 용품,2019-05-27,64,19.181818181818183
공기정화 용품,2019-05-29,135,33.964285714285715
공기정화 용품,2019-06-01,121,26.321428571428573
공기정화 용품,2019-06-05,126,33.0
공기정화 용품,2019-06-06,189,39.88461538461539
공기정화 용품,2019-06-21,104,25.23076923076923
공기정화 용품,2019-06-24,129,18.26086956521739
공기정화 용품,2019-07-10,103,12.45
공기정화 용품,2019-07-12,100,14.92
공기정화 용품,2019-07-16,120,22.52
공기정화 용품,2019-07-17,136,26.035714285714285
공기정화 용품,2019-07-19,115,20.12
공기정화 용품,2019-07-23,148,20.84
공기정화 용품,2019-07-26,82,18.84210526315789
공기정화 용품,2019-07-31,108,13.666666666666666
공기정화 용품,2019-08-01,76,14.045454545454543
공기정화 용품,2019-08-03,56,21.625
공기정화 용품,2019-08-06,121,28.875
공기정화 용품,2019-08-09,94,20.91304347826087
공기정화 용품,2019-08-19,146,25.57692307692308
공기정화 용품,2019-08-25,67,19.45833333333333
공기정화 용품,2019-08-28,100,19.08
공기정화 용품,2019-08-29,96,23.846153846153847
공기정화 용품,2019-08-30,75,19.33333333333333
공기정화 용품,2019-08-31,64,16.6
공기정화 용품,2019-09-01,54,20.12
공기정화 용품,2019-09-02,124,19.84
공기정화 용품,2019-09-04,111,11.958333333333334
공기정화 용품,2019-09-05,100,16.0
공기정화 용품,2019-09-09,113,24.0
공기정화 용품,2019-09-10,58,22.26923076923077
공기정화 용품,2019-09-11,65,19.39130434782609
공기정화 용품,2019-09-12,35,12.73913043478261
공기정화 용품,2019-09-14,71,15.217391304347826
공기정화 용품,2019-09-15,112,15.666666666666666
공기정화 용품,2019-09-16,129,16.875
공기정화 용품,2019-09-17,132,19.52173913043478
공기정화 용품,2019-09-18,186,24.6
공기정화 용품,2019-09-19,127,23.36
공기정화 용품,2019-09-21,64,13.80952380952381
공기정화 용품,2019-09-22,104,14.444444444444445
공기정화 용품,2019-09-23,159,13.473684210526317
공기정화 용품,2019-09-25,122,23.681818181818183
공기정화 용품,2019-09-27,71,24.58333333333333
공기정화 용품,2019-09-28,66,24.77777777777778
공기정화 용품,2019-09-29,83,30.24137931034483
공기정화 용품,2019-10-01,195,33.0
공기정화 용품,2019-10-02,126,18.95
공기정화 용품,2019-10-03,114,22.0
공기정화 용품,2019-10-04,140,30.58333333333333
공기정화 용품,2019-10-05,96,27.09090909090909
공기정화 용품,2019-10-06,78,14.863636363636363
공기정화 용품,2019-10-07,160,11.714285714285714
공기정화 용품,2019-10-09,91,30.580422726015502
공기정화 용품,2019-10-10,108,21.96153846153846
공기정화 용품,2019-10-11,123,28.74074074074074
공기정화 용품,2019-10-12,77,25.77777777777778
공기정화 용품,2019-10-14,135,26.03846153846154
공기정화 용품,2019-10-17,108,24.96153846153846
공기정화 용품,2019-10-20,117,28.727272727272727
공기정화 용품,2019-10-21,211,30.68
공기정화 용품,2019-10-23,128,24.192307692307693
공기정화 용품,2019-10-24,219,24.464285714285715
공기정화 용품,2019-10-26,77,20.115384615384617
공기정화 용품,2019-10-27,73,20.0
공기정화 용품,2019-10-28,177,28.57692307692308
공기정화 용품,2019-10-31,227,62.11111111111112
공기정화 용품,2019-11-04,408,22.115384615384617
공기정화 용품,2019-11-05,183,29.20689655172414
공기정화 용품,2019-11-09,97,32.51724137931034
공기정화 용품,2019-11-10,120,30.821428571428573
공기정화 용품,2019-11-12,146,28.51851851851852
공기정화 용품,2019-11-14,142,19.928571428571427
공기정화 용품,2019-11-15,145,29.814814814814813
공기정화 용품,2019-11-17,120,29.296296296296298
공기정화 용품,2019-11-18,215,62.392857142857146
공기정화 용품,2019-11-20,155,19.928571428571427
공기정화 용품,2019-11-21,249,28.857142857142858
공기정화 용품,2019-11-22,148,31.714285714285715
공기정화 용품,2019-11-24,117,25.892857142857142
공기정화 용품,2019-11-26,175,21.0
공기정화 용품,2019-11-29,116,22.115384615384617
공기정화 용품,2019-12-01,105,26.75
공기정화 용품,2019-12-02,197,18.41379310344828
공기정화 용품,2019-12-04,121,24.892857142857142
공기정화 용품,2019-12-05,127,19.0
공기정화 용품,2019-12-08,102,33.44827586206897
공기정화 용품,2019-12-10,322,64.74074074074075
공기정화 용품,2019-12-11,386,52.17857142857143
공기정화 용품,2019-12-12,205,16.464285714285715
공기정화 용품,2019-12-15,113,27.428571428571427
공기정화 용품,2019-12-16,242,27.55172413793104
공기정화 용품,2019-12-17,131,24.79310344827586
공기정화 용품,2019-12-18,148,26.25
공기정화 용품,2019-12-19,213,20.103448275862068
공기정화 용품,2019-12-20,120,23.5
공기정화 용품,2019-12-21,73,29.48275862068965
공기정화 용품,2019-12-22,155,40.48275862068966
공기정화 용품,2019-12-23,200,37.03448275862069
공기정화 용품,2019-12-24,245,38.785714285714285
공기정화 용품,2019-12-25,182,34.22222222222222
공기정화 용품,2019-12-26,171,32.58620689655172
공기정화 용품,2019-12-28,136,32.86206896551724
공기정화 용품,2019-12-29,105,34.172413793103445
공기정화 용품,2019-12-30,196,24.296296296296298
공기정화 용품,2019-12-31,211,19.75862068965517
공기정화 용품,2018-03-10,91,31.428571428571427
공기정화 용품,2018-03-17,121,22.25
공기정화 용품,2018-03-18,130,29.03448275862069
공기정화 용품,2018-03-24,186,62.44827586206897
공기정화 용품,2018-03-28,654,40.46428571428572
공기정화 용품,2018-03-29,1014,36.55172413793103
공기정화 용품,2018-03-30,538,37.41379310344828
공기정화 용품,2018-04-03,309,44.96153846153846
공기정화 용품,2018-04-04,357,19.41176470588235
공기정화 용품,2018-04-05,419,12.875
공기정화 용품,2018-04-08,217,32.62068965517241
공기정화 용품,2018-04-13,186,33.13793103448276
공기정화 용품,2018-04-15,167,89.51724137931035
공기정화 용품,2018-04-22,325,34.214285714285715
공기정화 용품,2018-04-27,253,36.81481481481482
공기정화 용품,2018-04-29,173,42.51724137931034
공기정화 용품,2018-05-03,179,34.130434782608695
공기정화 용품,2018-05-04,249,34.77777777777778
공기정화 용품,2018-05-05,222,33.0
공기정화 용품,2018-05-08,174,19.46153846153846
공기정화 용품,2018-05-13,108,18.51851851851852
공기정화 용품,2018-05-15,85,50.03448275862069
공기정화 용품,2018-05-22,229,22.517241379310345
공기정화 용품,2018-05-27,180,49.89655172413793
공기정화 용품,2018-05-29,126,33.96296296296296
공기정화 용품,2018-06-01,208,31.20689655172414
공기정화 용품,2018-06-02,99,31.0
공기정화 용품,2018-06-04,205,33.55172413793103
공기정화 용품,2018-06-05,132,33.827586206896555
공기정화 용품,2018-06-06,132,35.62068965517241
공기정화 용품,2018-06-07,216,38.72413793103448
공기정화 용품,2018-06-09,106,33.0
공기정화 용품,2018-06-10,100,15.947368421052632
공기정화 용품,2018-06-12,107,15.8
공기정화 용품,2018-06-13,73,21.807692307692307
공기정화 용품,2018-06-16,55,18.46153846153846
공기정화 용품,2018-06-17,100,25.24137931034483
공기정화 용품,2018-06-23,46,29.48275862068965
공기정화 용품,2018-06-24,69,37.51724137931034
공기정화 용품,2018-06-27,128,17.333333333333332
공기정화 용품,2018-06-28,132,15.8125
공기정화 용품,2018-06-29,115,21.6
공기정화 용품,2018-06-30,88,22.65217391304348
공기정화 용품,2018-07-03,96,15.22222222222222
공기정화 용품,2018-07-05,80,15.26086956521739
공기정화 용품,2018-07-07,31,13.5
공기정화 용품,2018-07-08,57,14.136363636363637
공기정화 용품,2018-07-09,121,9.904761904761903
공기정화 용품,2018-07-10,109,20.214285714285715
공기정화 용품,2018-07-11,80,24.115384615384617
공기정화 용품,2018-07-12,97,20.45833333333333
공기정화 용품,2018-07-13,85,17.625
공기정화 용품,2018-07-15,58,20.607142857142858
공기정화 용품,2018-07-21,35,32.74074074074074
공기정화 용품,2018-08-04,44,24.0
공기정화 용품,2018-08-06,80,21.318181818181817
공기정화 용품,2018-08-10,65,17.77777777777778
공기정화 용품,2018-08-11,40,14.904761904761903
공기정화 용품,2018-08-12,48,19.0
공기정화 용품,2018-08-13,72,21.666666666666668
공기정화 용품,2018-08-16,85,15.142857142857142
공기정화 용품,2018-08-20,78,25.26923076923077
공기정화 용품,2018-08-23,89,13.047619047619047
공기정화 용품,2018-08-24,32,14.0625
공기정화 용품,2018-08-25,67,20.25925925925926
공기정화 용품,2018-08-26,41,15.142857142857142
공기정화 용품,2018-08-31,47,16.0
공기정화 용품,2018-09-01,36,17.48
공기정화 용품,2018-09-03,96,14.52
공기정화 용품,2018-09-04,72,14.958333333333334
공기정화 용품,2018-09-05,63,19.72
공기정화 용품,2018-09-07,52,22.76
공기정화 용품,2018-09-08,46,18.62962962962963
공기정화 용품,2018-09-16,73,23.07407407407408
공기정화 용품,2018-09-22,24,27.32
공기정화 용품,2018-09-23,24,27.346153846153847
공기정화 용품,2019-02-04,118,67.65517241379311
공기정화 용품,2019-03-09,596,33.22222222222222
공기정화 용품,2019-03-14,617,31.571428571428573
공기정화 용품,2019-04-06,145,57.21428571428572
공기정화 용품,2019-04-13,117,32.48275862068966
공기정화 용품,2019-04-19,191,32.32142857142857
공기정화 용품,2019-04-21,125,31.17241379310345
공기정화 용품,2019-04-22,277,48.72413793103448
공기정화 용품,2019-04-24,283,26.296296296296298
공기정화 용품,2019-04-28,126,18.423076923076923
공기정화 용품,2019-05-06,89,35.535714285714285
공기정화 용품,2019-05-13,91,38.392857142857146
공기정화 용품,2019-05-19,146,15.08
공기정화 용품,2019-05-21,95,36.96428571428572
공기정화 용품,2019-05-22,168,43.86206896551724
공기정화 용품,2019-05-24,222,61.172413793103445
공기정화 용품,2019-05-28,83,18.96
공기정화 용품,2019-05-31,108,20.33333333333333
공기정화 용품,2019-06-02,96,28.5
공기정화 용품,2019-06-03,181,34.888888888888886
공기정화 용품,2019-06-04,168,35.77777777777778
공기정화 용품,2019-06-07,127,15.63157894736842
공기정화 용품,2019-06-08,85,21.83333333333333
공기정화 용품,2019-06-09,148,22.26923076923077
공기정화 용품,2019-06-10,138,14.947368421052632
공기정화 용품,2019-06-11,195,15.1
공기정화 용품,2019-06-12,118,22.166666666666668
공기정화 용품,2019-06-13,148,23.04
공기정화 용품,2019-06-15,55,24.2
공기정화 용품,2019-06-16,70,20.52380952380953
공기정화 용품,2019-06-17,125,21.185185185185187
공기정화 용품,2019-06-19,173,27.22222222222222
공기정화 용품,2019-06-20,184,26.615384615384617
공기정화 용품,2019-06-22,73,18.44
공기정화 용품,2019-06-23,142,16.904761904761905
공기정화 용품,2019-06-25,132,23.22222222222222
공기정화 용품,2019-06-26,151,24.291666666666668
공기정화 용품,2019-06-27,112,19.347826086956523
공기정화 용품,2019-06-28,76,23.44
공기정화 용품,2019-06-29,93,20.08333333333333
공기정화 용품,2019-06-30,117,22.185185185185187
공기정화 용품,2019-07-01,169,26.8
공기정화 용품,2019-07-02,140,23.75
공기정화 용품,2019-07-03,147,25.48148148148148
공기정화 용품,2019-07-04,145,27.11111111111111
공기정화 용품,2019-07-06,76,28.25
공기정화 용품,2019-07-08,125,15.4
공기정화 용품,2019-07-09,96,14.652173913043478
공기정화 용품,2019-07-11,90,10.235294117647058
공기정화 용품,2019-07-13,62,23.692307692307693
공기정화 용품,2019-07-14,124,27.392857142857142
공기정화 용품,2019-07-15,181,26.96
공기정화 용품,2019-07-18,178,27.88888888888889
공기정화 용품,2019-07-20,129,11.944444444444445
공기정화 용품,2019-07-21,64,17.863636363636363
공기정화 용품,2019-07-22,148,27.535714285714285
공기정화 용품,2019-07-24,148,18.571428571428573
공기정화 용품,2019-07-27,113,21.35
공기정화 용품,2019-07-28,61,15.55
공기정화 용품,2019-07-29,136,15.75
공기정화 용품,2019-07-30,92,16.083333333333332
공기정화 용품,2019-08-02,85,16.875
공기정화 용품,2019-08-04,81,28.03846153846154
공기정화 용품,2019-08-05,188,33.333333333333336
공기정화 용품,2019-08-08,390,27.625
공기정화 용품,2019-08-10,182,23.192307692307693
공기정화 용품,2019-08-11,86,19.07692307692308
공기정화 용품,2019-08-12,201,20.5
공기정화 용품,2019-08-13,101,21.04
공기정화 용품,2019-08-14,129,19.25
공기정화 용품,2019-08-15,88,12.45
공기정화 용품,2019-08-16,97,18.5
공기정화 용품,2019-08-17,50,28.0
공기정화 용품,2019-08-18,70,25.33333333333333
공기정화 용품,2019-08-21,74,27.25925925925926
공기정화 용품,2019-08-22,116,26.03846153846154
공기정화 용품,2019-08-23,101,28.321428571428573
공기정화 용품,2019-08-24,51,23.89655172413793
공기정화 용품,2019-08-27,83,18.76923076923077
공기정화 용품,2019-09-07,72,19.05
공기정화 용품,2019-09-13,44,14.478260869565217
산림욕기,2018-01-17,1,37.2962962962963
산림욕기,2018-02-22,1,36.392857142857146
산림욕기,2018-02-26,1,36.07142857142857
산림욕기,2018-03-27,1,56.22222222222222
산림욕기,2018-06-19,1,28.846153846153847
산림욕기,2018-12-13,1,29.285714285714285
산림욕기,2019-04-03,1,28.517241379310345
산림욕기,2019-04-10,1,11.555555555555555
산림욕기,2019-04-15,1,46.32142857142857
산림욕기,2019-05-03,2,44.82758620689656
산림욕기,2019-05-10,1,38.46428571428572
산림욕기,2019-05-15,2,41.18518518518518
산림욕기,2019-06-14,1,25.346153846153847
산림욕기,2019-08-20,1,28.357142857142858
산림욕기,2019-09-30,3,36.888888888888886
산림욕기,2019-10-08,1,30.580422726015502
산림욕기,2019-11-01,1,85.0
산림욕기,2019-11-06,1,33.93103448275862
산림욕기,2019-11-08,1,32.57692307692308
산림욕기,2019-11-23,1,24.96551724137931
산림욕기,2019-11-28,2,28.0
산림욕기,2019-12-13,1,22.464285714285715
산림욕기,2018-01-04,1,26.423076923076923
산림욕기,2018-01-09,1,30.37037037037037
산림욕기,2018-01-12,1,18.444444444444443
산림욕기,2018-02-01,1,29.5
산림욕기,2018-02-12,1,36.10344827586207
산림욕기,2018-02-17,1,32.0
산림욕기,2018-02-21,1,27.703703703703702
산림욕기,2018-02-23,1,59.0
산림욕기,2018-03-12,1,61.241379310344826
산림욕기,2018-03-26,1,46.14814814814815
산림욕기,2018-04-24,1,11.666666666666666
산림욕기,2018-05-24,1,78.20689655172414
산림욕기,2018-06-15,1,19.125
산림욕기,2018-07-01,1,14.733333333333333
산림욕기,2018-07-18,1,31.56
산림욕기,2018-08-08,1,19.0
산림욕기,2018-08-15,1,21.90909090909091
산림욕기,2018-08-27,1,14.055555555555555
산림욕기,2018-09-06,1,24.0
산림욕기,2018-09-09,1,18.0
산림욕기,2018-10-01,1,16.192307692307693
산림욕기,2018-10-02,1,20.5
산림욕기,2018-10-04,2,19.703703703703702
산림욕기,2018-10-11,2,15.23076923076923
산림욕기,2018-10-17,1,26.26923076923077
산림욕기,2018-10-25,1,32.44827586206897
산림욕기,2018-10-29,1,17.22222222222222
산림욕기,2018-10-30,1,17.607142857142858
산림욕기,2018-10-31,1,18.071428571428573
산림욕기,2018-11-06,1,48.06896551724138
산림욕기,2018-11-14,1,24.23076923076923
산림욕기,2019-01-04,1,38.535714285714285
산림욕기,2019-01-05,1,47.3448275862069
산림욕기,2019-01-20,1,39.62068965517241
산림욕기,2019-01-23,1,58.82142857142857
산림욕기,2019-01-24,1,29.13793103448276
산림욕기,2019-01-25,2,32.892857142857146
산림욕기,2019-01-28,1,57.72413793103448
산림욕기,2019-03-10,5,30.310344827586206
산림욕기,2019-03-13,1,31.48275862068965
산림욕기,2019-03-15,3,31.814814814814813
산림욕기,2019-03-16,1,27.77777777777778
산림욕기,2019-07-16,1,22.52
산림욕기,2019-08-06,1,28.875
산림욕기,2019-08-19,1,25.57692307692308
산림욕기,2019-08-29,1,23.846153846153847
산림욕기,2019-09-04,1,11.958333333333334
산림욕기,2019-09-22,1,14.444444444444445
산림욕기,2019-09-25,2,23.681818181818183
산림욕기,2019-10-01,1,33.0
산림욕기,2019-10-09,2,30.580422726015502
산림욕기,2019-10-11,1,28.74074074074074
산림욕기,2019-10-14,1,26.03846153846154
산림욕기,2019-11-12,1,28.51851851851852
산림욕기,2019-11-14,1,19.928571428571427
산림욕기,2019-12-10,2,64.74074074074075
산림욕기,2019-12-11,1,52.17857142857143
산림욕기,2018-03-18,1,29.03448275862069
산림욕기,2018-06-29,2,21.6
산림욕기,2018-08-24,1,14.0625
산림욕기,2018-08-26,1,15.142857142857142
산림욕기,2018-09-07,1,22.76
산림욕기,2018-09-08,1,18.62962962962963
산림욕기,2019-06-03,2,34.888888888888886
산림욕기,2019-06-07,2,15.63157894736842
산림욕기,2019-06-12,1,22.166666666666668
산림욕기,2019-06-19,1,27.22222222222222
산림욕기,2019-06-26,1,24.291666666666668
산림욕기,2019-07-09,3,14.652173913043478
산림욕기,2019-07-11,1,10.235294117647058
산림욕기,2019-07-22,1,27.535714285714285
산림욕기,2019-08-05,1,33.333333333333336
