,일시,평균기온(°C),최저기온(°C),최고기온(°C),체감온도,열지수
0,2018-01-01,-1.076923077,-5.607495069,4.460157791,-0.691515894,22.79175829
1,2018-01-02,-0.49486166,-5.861067194,4.953754941,-0.108084229,23.94713241
2,2018-01-03,-2.43715415,-6.161660079,2.143675889,-2.749178397,20.09695578
3,2018-01-04,-2.47790927,-6.49566075,1.413806706,-1.923697753,20.01899646
4,2018-01-05,-0.992110454,-4.478063241,3.713241107,-0.750031461,22.96214068
5,2018-01-06,-1.503162055,-6.079841897,4.484387352,-1.378344291,21.94987608
6,2018-01-07,-0.245454545,-6.581027668,4.668181818,1.043156917,24.44310487
7,2018-01-08,2.1312749,-0.356287425,4.920558882,2.386546843,29.15630873
8,2018-01-09,-1.9662,-4.4234,1.0034,-3.175611556,21.03705298
9,2018-01-10,-5.123552894,-8.818762475,-1.376247505,-6.376510207,14.78561002
10,2018-01-11,-8.659561753,-11.81417166,-4.758083832,-9.995745139,7.782692229
11,2018-01-12,-8.862,-13.8714,-4.0454,-9.405576829,7.380028021
12,2018-01-13,-3.685828343,-8.640718563,2.03253493,-2.978123796,17.63455788
13,2018-01-14,-0.293227092,-7.275697211,6.138645418,0.501513982,24.35331616
14,2018-01-15,3.953293413,-0.825948104,9.793812375,4.838166596,32.76089986
15,2018-01-16,3.669582505,-1.076435644,7.609306931,4.964404725,32.204676
16,2018-01-17,3.906138614,1.162178218,7.49980198,4.970362547,32.67559696
17,2018-01-18,2.919685039,-0.672834646,6.891535433,3.703820296,30.71473524
18,2018-01-19,0.716962525,-3.344378698,6.536883629,1.513794367,26.34614871
19,2018-01-20,0.851976285,-4.015581854,6.934911243,1.718855615,26.6172231
20,2018-01-21,0.631422925,-4.519565217,6.612450593,1.906199475,26.17882456
21,2018-01-22,2.146336634,-1.580594059,6.625940594,2.60623812,29.18042912
22,2018-01-23,-7.110358566,-10.6054,-0.1944,-9.058543981,10.84418659
23,2018-01-24,-10.83784861,-13.85289421,-6.90758483,-12.79809132,3.460788877
24,2018-01-25,-10.41884921,-14.2246,-5.8228,-12.22948298,4.291542614
25,2018-01-26,-10.87094188,-14.44468938,-6.248496994,-12.68059738,3.397562733
26,2018-01-27,-7.45876494,-14.68625498,-0.440836653,-7.155029672,10.15351773
27,2018-01-28,-3.365737052,-6.680876494,1.071912351,-3.932524021,18.25588342
28,2018-01-29,-6.496414343,-9.936182903,-2.337972167,-7.639589676,12.05960617
29,2018-01-30,-5.024850895,-11.6104,0.657,-5.016257956,14.97748727
30,2018-01-31,-1.6482,-6.434869739,2.759519038,-0.882507938,21.66287608
31,2018-02-01,-3.06374502,-8.456374502,3.39063745,-2.58943966,18.85681041
32,2018-02-02,-2.955445545,-8.610693069,3.691881188,-2.520547568,19.07170298
33,2018-02-03,-5.14,-8.820606061,-1.212525253,-6.647853159,14.74755119
34,2018-02-04,-7.670318725,-11.10876494,-3.687051793,-9.336574596,9.735772703
35,2018-02-05,-7.821713147,-12.10775348,-3.254671968,-9.180396014,9.435818305
36,2018-02-06,-8.508964143,-12.71693227,-4.041832669,-9.794257195,8.075476912
37,2018-02-07,-7.366334661,-13.73433134,-0.742115768,-7.184038525,10.33815387
38,2018-02-08,-4.24509018,-11.28293173,3.507831325,-3.428961488,16.51755503
39,2018-02-09,0.777290837,-6.625349301,7.550898204,1.754921516,26.46535932
40,2018-02-10,0.6982,-4.6072,5.9118,0.268035198,26.30660488
41,2018-02-11,-4.2136,-7.8868,-0.5004,-5.38368793,16.58166289
42,2018-02-12,-4.551204819,-9.340160643,-0.685140562,-5.69361532,15.91528325
43,2018-02-13,-1.077644711,-7.829282869,4.561553785,-1.43089149,22.79168697
44,2018-02-14,4.265537849,-2.750398406,10.57788845,4.133997176,33.37504396
45,2018-02-15,1.085177866,-3.43980198,6.44,1.318923748,27.07011881
46,2018-02-16,0.297826087,-5.514455446,6.433465347,0.612608382,25.51081201
47,2018-02-17,-0.993663366,-5.306336634,3.827326733,-1.568125753,22.94798579
48,2018-02-18,0.271881188,-4.899009901,5.992673267,1.284447069,25.45522793
49,2018-02-19,2.042094862,-2.965019763,7.998418972,3.086039594,28.96585192
50,2018-02-20,1.89960396,-4.274455446,8.003168317,2.436319128,28.68350967
51,2018-02-21,-0.291683168,-5.005544554,4.638217822,-0.252461348,24.33868678
52,2018-02-22,0.038856016,-6.246153846,6.310453649,0.279955533,24.99948241
53,2018-02-23,3.823366337,-2.946138614,9.262178218,4.222008601,32.50119976
54,2018-02-24,3.61049505,-1.45029703,9.380990099,4.371673889,32.07802063
55,2018-02-25,2.973372781,-1.81183432,9.273767258,3.867077722,30.81450941
56,2018-02-26,2.369367589,-4.460671937,10.5243083,3.4922613,29.61623408
57,2018-02-27,4.361932939,-2.713241107,10.94150198,5.694019555,33.56453137
58,2018-02-28,5.157905138,1.724901186,8.962055336,5.097489599,35.15085229
59,2018-03-01,1.959760956,-2.442942346,5.758846918,0.845110348,28.80822045
60,2018-03-02,0.46765873,-5.525396825,7.409920635,1.109197609,25.84916596
61,2018-03-03,6.97960396,-1.575396825,15.40674603,8.048754523,38.74699705
62,2018-03-04,10.89758551,5.527128713,16.00950495,11.88915462,46.51543873
63,2018-03-05,5.109240246,1.468312757,10.93415638,5.026775821,35.05489419
64,2018-03-06,3.860956175,-1.21497006,10.03712575,4.500649671,32.57591607
65,2018-03-07,4.769,0.9332,8.8306,5.188178268,34.37675239
66,2018-03-08,3.030815109,0.942743539,6.284493042,2.965014236,30.94206642
67,2018-03-09,2.948809524,-0.455952381,7.270039683,3.776592341,30.77402446
68,2018-03-10,3.983730159,-1.48968254,10.2297619,4.836391364,32.82032321
69,2018-03-11,5.459325397,-0.162624254,12.42186879,6.506816673,35.73908517
70,2018-03-12,7.123564356,-0.57281746,15.57142857,8.248947383,39.03495758
71,2018-03-13,11.29051383,2.889306931,18.44019802,12.0572618,47.28543839
72,2018-03-14,14.26924603,7.659045726,21.01093439,15.39539875,53.18494098
73,2018-03-15,11.94345238,7.163293651,15.45376984,12.93057678,48.59096799
74,2018-03-16,4.807722772,0.965544554,9.515445545,4.776543197,34.45243697
75,2018-03-17,5.092261905,-1.231746032,12.32638889,6.094669785,35.01357835
76,2018-03-18,7.646626984,1.854563492,12.48075397,8.947467601,40.07651638
77,2018-03-19,8.092047714,5.130218688,11.1584493,8.415349558,40.96248252
78,2018-03-20,4.636435644,1.406930693,8.094455446,3.839653063,34.10714086
79,2018-03-21,1.459566075,-0.053254438,3.443195266,1.108236944,27.82888206
80,2018-03-22,4.207524752,-0.403557312,10.56699605,4.753991648,33.26200559
81,2018-03-23,5.311904762,-1.15029703,12.42574257,6.35375496,35.44741544
82,2018-03-24,7.863366337,1.334455446,14.67128713,8.777635606,40.49818779
83,2018-03-25,9.449407115,3.242885375,17.19071146,10.53383956,43.63956373
84,2018-03-26,10.49071146,3.534387352,18.59209486,11.73117417,45.70014363
85,2018-03-27,12.20059289,4.460671937,19.93932806,13.35743417,49.08603587
86,2018-03-28,13.37549407,6.385207101,20.28974359,14.45315509,51.41281962
87,2018-03-29,13.37261905,7.710515873,20.34583333,14.78054165,51.4097843
88,2018-03-30,11.96114398,6.530177515,18.65779093,13.11357455,48.61164604
89,2018-03-31,12.98693069,5.914031621,20.57944664,14.33611194,50.64168704
90,2018-04-01,14.62851485,8.716468254,20.23809524,16.03373394,53.89683647
91,2018-04-02,16.54455446,10.84871287,23.0570297,17.94671727,57.69133946
92,2018-04-03,16.72930693,10.88178218,22.82376238,18.15414018,58.05825461
93,2018-04-04,11.0986166,8.034782609,16.05513834,11.95480331,46.91576887
94,2018-04-05,8.411067194,7.175098814,10.03557312,9.014749058,41.59597557
95,2018-04-06,7.16916996,3.31009901,12.1960396,6.963814986,39.12775708
96,2018-04-07,4.20952381,1.255555556,8.255357143,3.387971014,33.25754825
97,2018-04-08,6.18,-0.290674603,11.3077381,6.277671693,37.16369315
98,2018-04-09,9.442063492,3.53452381,16.36904762,10.56971271,43.62330167
99,2018-04-10,14.3593254,4.697227723,21.09029703,14.96264475,53.36066779
100,2018-04-11,14.05588822,8.251394422,19.54960159,14.82875532,52.75590758
101,2018-04-12,12.21471173,4.717764471,19.96526946,13.28170897,49.10403807
102,2018-04-13,12.31007905,5.604940711,17.63695652,13.24117311,49.29393004
103,2018-04-14,9.182608696,6.959486166,13.11600791,9.742796967,43.12217222
104,2018-04-15,9.485742574,5.583333333,14.61011905,9.926996992,43.71169445
105,2018-04-16,9.966930693,3.222222222,16.7343254,11.12544466,44.66376221
106,2018-04-17,11.46581028,5.36990099,18.75425743,12.91002873,47.63189753
107,2018-04-18,11.76086957,4.400990099,19.74237624,13.10408887,48.21297374
108,2018-04-19,13.54249012,4.642261905,21.92123016,14.82919026,51.73687193
109,2018-04-20,16.44920949,7.618613861,25.94792079,18.17376512,57.49408455
110,2018-04-21,17.43742574,8.801584158,26.04376238,18.94291014,59.45104068
111,2018-04-22,15.17272727,10.94743083,20.34940711,16.31279056,54.9762105
112,2018-04-23,11.09840954,10.07256461,13.21252485,11.51999666,46.91801916
113,2018-04-24,11.2940239,8.315139442,14.20498008,12.10776771,47.30127331
114,2018-04-25,12.29069307,4.845742574,20.11049505,13.72513467,49.26334037
115,2018-04-26,13.55992063,5.915247525,21.40891089,15.04096433,51.77717235
116,2018-04-27,13.8819802,7.37960396,21.04633663,15.22260177,52.41451029
117,2018-04-28,14.42922465,7.267992048,22.38548708,15.87983038,53.49882881
118,2018-04-29,15.15297619,7.142460317,23.12301587,16.53831117,54.93018254
119,2018-04-30,17.51507937,11.38829365,24.02301587,19.08304014,59.61233513
120,2018-05-01,17.87069307,13.23015873,22.67321429,19.59237889,60.32149609
121,2018-05-02,14.2438247,9.52306163,18.69562624,15.33333472,53.14462441
122,2018-05-03,11.0780198,6.92039604,16.14930693,11.41681615,46.86358853
123,2018-05-04,13.39089109,6.577227723,19.7429703,14.01861487,51.4357778
124,2018-05-05,16.85188119,8.642376238,23.64653465,17.98239871,58.29052852
125,2018-05-06,15.36175299,13.42007952,18.20019881,16.75471517,55.35996607
126,2018-05-07,15.9695825,12.32564612,21.055666,17.54926684,56.56018186
127,2018-05-08,14.49264414,10.71749503,18.77276342,15.47732948,53.62960589
128,2018-05-09,12.84209486,8.314426877,18.28379447,14.01816851,50.35997127
129,2018-05-10,14.16488095,8.306560636,20.95129225,15.60338063,52.97995451
130,2018-05-11,15.71964286,9.169246032,22.33214286,17.27268364,56.05381666
131,2018-05-12,15.1673913,12.59249012,17.64525692,16.45167734,54.97173209
132,2018-05-13,16.23260437,12.40994036,21.15984095,17.69550846,57.07911616
133,2018-05-14,18.09384921,11.34265873,25.37777778,19.82739881,60.75946443
134,2018-05-15,21.37350598,14.12071713,28.21394422,23.21652405,67.25167833
135,2018-05-16,21.72088353,19.51126761,24.04668008,23.348783,67.9493619
136,2018-05-17,21.55458248,18.66741344,24.92912424,23.20285362,67.61977142
137,2018-05-18,16.68737475,12.79519038,20.90340681,18.04308754,57.98380132
138,2018-05-19,15.12390438,10.1438247,20.64223108,16.19066745,54.87755246
139,2018-05-20,14.96428571,8.961904762,20.97698413,15.9494637,54.55643291
140,2018-05-21,15.5471173,9.535387674,21.53558648,16.8684378,55.71616603
141,2018-05-22,16.88784861,11.58466135,22.80099602,18.57528372,58.37510487
142,2018-05-23,16.93206413,11.40621242,22.78537074,18.22905041,58.45772798
143,2018-05-24,17.64900398,9.292031873,25.09442231,19.12507773,59.87134294
144,2018-05-25,18.49146825,11.51865079,25.92539683,20.22815629,61.53912041
145,2018-05-26,19.00357143,11.56746032,26.82460317,20.79088134,62.55713213
146,2018-05-27,18.66182903,13.5640159,24.34850895,20.54923955,61.88352976
147,2018-05-28,19.5216,14.0852,25.5064,21.37247379,63.58799425
148,2018-05-29,20.41553785,16.19662028,25.81968191,22.332323,65.35953922
149,2018-05-30,19.5158,15.46513026,24.84148297,21.31000264,63.57888351
150,2018-05-31,18.51073559,12.94592445,24.81232604,20.20667724,61.58337626
151,2018-06-01,20.83373016,13.42460317,28.45456349,22.71296427,66.18034426
152,2018-06-02,21.6360396,14.51306931,29.52831683,23.55718688,67.76649572
153,2018-06-03,21.22936508,14.3827381,28.93015873,23.15753747,66.96180706
154,2018-06-04,21.00218447,14.82815534,27.23592233,22.89862244,66.51419498
155,2018-06-05,20.65877551,16.63265306,25.86571429,22.58060552,65.83964431
156,2018-06-06,21.23938776,15.79205703,27.68248473,23.19672779,66.98878309
157,2018-06-07,21.65560081,16.22912424,28.39185336,23.60303277,67.81244167
158,2018-06-08,21.01984127,16.55853175,26.59107143,22.86797743,66.5535408
159,2018-06-09,20.4580198,16.12158416,25.75564356,22.08049336,65.44084537
160,2018-06-10,19.08075397,16.46626984,22.83670635,20.59424067,62.71477279
161,2018-06-11,18.00079681,15.819,21.328,19.71908957,60.57976395
162,2018-06-12,18.83009901,15.0473161,24.00437376,20.6029908,62.21952554
163,2018-06-13,19.70711462,15.24110672,24.76521739,21.46372611,63.95545025
164,2018-06-14,19.75029703,16.56792079,24.10138614,21.32383857,64.04029391
165,2018-06-15,19.14831014,15.40318091,23.92703777,20.627958,62.84550375
166,2018-06-16,19.11394422,13.94482072,25.26713147,20.72241976,62.7775661
167,2018-06-17,20.12390438,14.31155378,26.28466135,22.08348929,64.78032737
168,2018-06-18,22.16580517,16.8499002,28.649501,24.17394746,68.82125954
169,2018-06-19,20.48944223,17.02649402,24.94302789,22.46048479,65.50738212
170,2018-06-20,21.44729459,17.0240481,27.2492986,23.28306344,67.400215
171,2018-06-21,21.88227092,16.70978044,28.22075848,23.71598858,68.25687549
172,2018-06-22,22.57614314,15.62942346,30.08767396,24.57433422,69.62790122
173,2018-06-23,22.45328032,17.82882704,28.44135189,24.34469717,69.38641982
174,2018-06-24,23.96944444,17.88270378,31.13777336,25.93771229,72.38906844
175,2018-06-25,24.18123752,17.7259481,31.23413174,26.25679427,72.80941316
176,2018-06-26,22.46004016,19.54518072,25.50702811,24.16104842,69.41232907
177,2018-06-27,23.16706587,20.44820717,27.14462151,24.9690903,70.81071142
178,2018-06-28,22.13643725,19.71788618,25.34126016,24.00682787,68.77235373
179,2018-06-29,23.31787149,19.91408451,28.19758551,25.33320593,71.10915397
180,2018-06-30,22.65524194,19.69455645,26.47298387,24.6247753,69.7990559
181,2018-07-01,22.23016194,19.83502024,25.12995951,24.00872995,68.95908878
182,2018-07-02,23.08295218,20.7991684,26.33887734,24.97791471,70.64765664
183,2018-07-03,24.31821862,21.51663286,28.43225152,26.21757169,73.09033772
184,2018-07-04,24.81526104,21.25231388,29.88169014,26.85648757,74.07272907
185,2018-07-05,23.14422311,21.09880478,26.67390438,25.16666136,70.76747125
186,2018-07-06,21.46733068,19.400998,24.11936128,23.1158959,67.44423024
187,2018-07-07,20.84661355,17.37290837,25.41573705,22.449835,66.21023082
188,2018-07-08,20.5388,16.71217565,24.76746507,22.22028951,65.60204877
189,2018-07-09,20.11146881,18.51024096,22.09839357,21.82323962,64.76353861
190,2018-07-10,23.5152,19.7745491,27.51342685,25.45327875,71.50059
191,2018-07-11,25.4886,22.34471058,29.5257485,27.58109876,75.40715388
192,2018-07-12,26.2566,22.66372745,30.68897796,28.39790516,76.92642495
193,2018-07-13,26.491,22.92570281,31.2439759,28.6468273,77.38925855
194,2018-07-14,26.63936382,22.55788423,31.80339321,28.80237775,77.68225355
195,2018-07-15,26.82868526,22.20318725,32.54760956,29.01784032,78.05637631
196,2018-07-16,26.82714571,21.91856287,32.6493014,29.02207056,78.052649
197,2018-07-17,26.57185629,21.8832,32.1022,28.75004838,77.54717963
198,2018-07-18,26.48957916,21.6936,32.3676,28.68155684,77.3847513
199,2018-07-19,26.74271457,21.76933868,32.73687375,28.94163537,77.88541372
200,2018-07-20,27.37125749,21.81337325,33.71796407,29.5933075,79.129289
201,2018-07-21,28.06147705,22.73912176,34.34251497,30.29995495,80.49547946
202,2018-07-22,28.32555332,23.28490946,34.04627767,30.56983744,81.01795914
203,2018-07-23,28.48654618,24.41770624,33.83521127,30.74314189,81.33721035
204,2018-07-24,28.64311377,23.9352,34.3848,30.90772508,81.64828927
205,2018-07-25,28.398998,24.65100402,33.38574297,30.64958797,81.16525564
206,2018-07-26,28.45487078,24.19383698,33.85884692,30.71280977,81.27561312
207,2018-07-27,28.77944112,24.27350598,34.70239044,31.04961779,81.91893623
208,2018-07-28,27.91825397,24.53492063,33.4797619,30.14883194,80.2154757
209,2018-07-29,28.32178218,23.93544554,33.50574257,30.56111117,81.00995153
210,2018-07-30,27.9640159,23.70457256,33.18966203,30.18101374,80.30175143
211,2018-07-31,28.23670635,23.24007937,34.30952381,30.4773042,80.84120158
212,2018-08-01,29.08687873,23.27117296,35.70974155,31.37499134,82.52396801
213,2018-08-02,29.2394,24.1808,35.2392,31.53779769,82.82617336
214,2018-08-03,29.17721774,24.64799197,34.73433735,31.47537727,82.70415427
215,2018-08-04,28.97484909,24.79818913,34.31307847,31.25793871,82.304014
216,2018-08-05,28.69520958,24.65449102,33.97245509,30.96248914,81.75031094
217,2018-08-06,28.12171315,24.62231076,33.24960159,30.36126054,80.61749817
218,2018-08-07,27.83887776,24.4396,32.9602,30.0659623,80.05761916
219,2018-08-08,28.06003976,24.14870775,33.62683897,30.29850937,80.49495197
220,2018-08-09,27.52304609,24.15450902,32.63186373,29.74282399,79.43299082
221,2018-08-10,27.21626506,24.09036145,32.06425703,29.41726127,78.82726825
222,2018-08-11,27.14302789,23.6491018,31.99500998,29.31911797,78.67984582
223,2018-08-12,27.47037773,23.5172619,32.49285714,29.66429738,79.32792741
224,2018-08-13,28.6234,24.4232,34.1698,30.88657365,81.60975466
225,2018-08-14,28.75705765,24.17037773,34.90974155,31.02687828,81.87261873
226,2018-08-15,28.49801193,23.79860835,35.15407555,30.75409479,81.36062494
227,2018-08-16,26.42171315,22.65956175,31.09282869,28.48924035,77.25022571
228,2018-08-17,24.2672619,19.96964286,29.4140873,26.08968932,72.97773082
229,2018-08-18,23.52111554,18.30438247,29.63924303,25.4495659,71.50235283
230,2018-08-19,24.57003968,19.22996032,30.90694444,26.66633659,73.58142421
231,2018-08-20,25.75725646,20.72166998,31.06580517,27.81704423,75.93303068
232,2018-08-21,25.81414343,21.35389222,31.0762475,27.88113004,76.04618748
233,2018-08-22,27.80358566,22.07419355,33.58366935,29.99464464,79.98368841
234,2018-08-23,26.38163673,23.83406375,29.30318725,28.37230001,77.1732986
235,2018-08-24,24.58795181,22.11546185,27.71285141,26.43482388,73.62433304
236,2018-08-25,23.80159363,20.72450199,27.90876494,25.82400748,72.06541238
237,2018-08-26,22.17142857,19.80536779,25.8805169,24.05551564,68.84180057
238,2018-08-27,23.25996016,20.79021956,26.0261477,25.23546386,70.99888825
239,2018-08-28,24.3922,21.99363817,28.24890656,26.44558616,73.23859973
240,2018-08-29,25.22888889,22.07762097,29.20947581,27.23956066,74.89271958
241,2018-08-30,25.45757576,23.21350806,29.39415323,27.51430823,75.34662927
242,2018-08-31,23.43066132,20.62334004,27.18973843,25.42049434,71.33413892
243,2018-09-01,22.79454545,19.10792683,27.52418699,24.67809315,70.0705793
244,2018-09-02,22.23838384,17.95653924,26.70744467,24.09405051,68.969234
245,2018-09-03,23.31102204,20.88212851,26.72269076,25.2735366,71.09835006
246,2018-09-04,22.93273092,19.04156627,27.75843373,24.77279147,70.34332023
247,2018-09-05,22.43815261,17.64317269,27.88253012,24.250853,69.35953267
248,2018-09-06,21.99297189,17.58216433,26.48276553,23.91463192,68.48282469
249,2018-09-07,20.59959759,16.76820926,24.81428571,22.31815316,65.72367622
250,2018-09-08,18.95943775,14.18293173,24.85983936,20.78268821,62.47349409
251,2018-09-09,19.72016129,13.98808081,26.20363636,21.47223686,63.97892424
252,2018-09-10,19.8440404,14.91431452,25.57520161,21.53441631,64.22318968
253,2018-09-11,18.99416499,14.10100806,24.21229839,20.553157,62.5404522
254,2018-09-12,20.33967936,15.12092555,26.05231388,22.14605304,65.20761963
255,2018-09-13,20.57815631,17.93253012,24.24879518,22.41856868,65.68534958
256,2018-09-14,21.30744467,18.45383065,24.44354839,23.13554756,67.13064762
257,2018-09-15,21.66933868,19.73835341,24.47670683,23.74509388,67.84829657
258,2018-09-16,21.9915493,19.63400402,25.79839034,24.04769627,68.48335217
259,2018-09-17,21.1832,17.10761523,26.64388778,23.17240186,66.87926836
260,2018-09-18,20.45209581,15.7516,26.6804,22.44898737,65.43001628
261,2018-09-19,20.16838966,16.17205589,24.86267465,22.2332904,64.87076862
262,2018-09-20,19.48011928,17.92324649,21.40641283,21.24106259,63.51361496
263,2018-09-21,19.10775348,17.4972,21.2758,20.85833443,62.77734537
264,2018-09-22,19.66594059,14.58210736,25.80914513,21.5107078,63.87405183
265,2018-09-23,18.38214286,13.31215139,25.05079681,20.15804324,61.331174
266,2018-09-24,16.11956088,11.6234,21.6024,17.72080825,56.84916604
267,2018-09-25,16.03313373,9.658083832,22.87644711,17.5617002,56.67783879
268,2018-09-26,17.3047619,13.16195219,22.67569721,18.72969398,59.19606757
269,2018-09-27,16.6249505,11.23797217,23.25884692,18.14531575,57.84984385
270,2018-09-28,16.56799205,11.62335329,21.79580838,18.17659174,57.74016813
271,2018-09-29,17.91388889,13.39482072,23.24322709,19.60440885,60.40614961
272,2018-09-30,17.59900596,13.14550898,23.65568862,18.84133521,59.77635868
273,2018-10-01,15.21272366,11.2926,19.5818,16.19321148,55.05063117
274,2018-10-02,14.72942346,9.514570858,21.34650699,16.3291286,54.09797773
275,2018-10-03,15.00434783,9.01765873,22.74503968,16.74909483,54.64284102
276,2018-10-04,17.47272727,10.52445328,23.89880716,18.9537991,59.53003789
277,2018-10-05,17.25708583,15.31377246,19.19061876,18.48478786,59.11283592
278,2018-10-06,18.2169697,15.44766734,21.54016227,19.2354304,61.01069828
279,2018-10-07,16.74530938,11.72449799,22.74156627,18.23546776,58.08972276
280,2018-10-08,13.90618762,9.101002004,20.59158317,15.39195138,52.46424244
281,2018-10-09,14.48829365,9.608548708,19.49582505,16.18984172,53.62144311
282,2018-10-10,13.17634195,8.384462151,17.40298805,14.06717043,51.01991039
283,2018-10-11,9.998406375,5.5118,15.3394,10.82633423,44.72451971
284,2018-10-12,9.877075099,4.286282306,16.88429423,11.22834679,44.48858651
285,2018-10-13,11.16818182,5.083333333,18.88353175,12.8346189,47.04731594
286,2018-10-14,12.52930693,6.531809145,19.46322068,14.2380958,49.74241342
287,2018-10-15,13.56252465,8.389328063,20.38280632,15.2078319,51.78847195
288,2018-10-16,12.59722222,8.520517928,18.24103586,14.3344902,49.879593
289,2018-10-17,11.96998012,7.3794,18.5124,13.42125624,48.63531689
290,2018-10-18,11.20578842,6.183433134,17.01876248,12.31551493,47.12159792
291,2018-10-19,11.5125,6.113346614,18.55358566,12.78421095,47.72768
292,2018-10-20,11.18928571,5.179640719,19.76467066,12.90359462,47.08789004
293,2018-10-21,11.3218254,5.00059761,20.10856574,13.1270823,47.34997873
294,2018-10-22,12.42321429,6.616334661,19.5061753,14.40885126,49.53255282
295,2018-10-23,12.44950495,7.992828685,18.46752988,13.9836146,49.58727101
296,2018-10-24,11.62376238,6.632270916,18.737251,13.1384506,47.948796
297,2018-10-25,11.99502982,5.524750499,20.40359281,13.72395528,48.68383578
298,2018-10-26,12.26111111,8.586626747,15.36746507,13.39831991,49.21617079
299,2018-10-27,9.796831683,6.19484127,13.67003968,10.06147597,44.32497931
300,2018-10-28,10.0598,4.3842,15.6722,10.7083051,44.85164289
301,2018-10-29,9.253093812,4.5604,15.0422,10.10640419,43.25390256
302,2018-10-30,6.976923077,2.044664032,12.593083,7.849511609,38.74364559
303,2018-10-31,7.299802372,2.504356436,13.60930693,8.296850256,39.38510265
304,2018-11-01,7.435856574,1.6166,15.2242,8.655995258,39.65473833
305,2018-11-02,8.725298805,2.3544,17.615,10.41297727,42.20784533
306,2018-11-03,9.428373016,2.94194831,18.56520875,11.16549898,43.59998768
307,2018-11-04,9.870039683,3.307355865,18.88170974,11.5273591,44.47439219
308,2018-11-05,10.40238095,4.089662028,18.29522863,12.09076595,45.53119052
309,2018-11-06,11.45247525,6.021272366,18.2332008,13.24300914,47.61278749
310,2018-11-07,12.5988024,9.749500998,15.3249501,14.34590905,49.88704224
311,2018-11-08,13.6442,11.55731463,16.62164329,14.66239463,51.95910572
312,2018-11-09,11.6606,7.414257028,15.46626506,12.24645084,48.0214144
313,2018-11-10,10.4158,5.2952,17.3106,11.87379386,45.55873437
314,2018-11-11,9.033333333,4.49241517,13.8251497,10.78801978,42.82420655
315,2018-11-12,8.620916335,4.2692,14.1232,9.743669932,42.00393757
316,2018-11-13,8.40513834,3.826984127,14.50119048,9.692840175,41.57714092
317,2018-11-14,8.085770751,3.221782178,15.1029703,9.688427162,40.94568214
318,2018-11-15,8.529306931,2.939960239,15.99502982,10.25388121,41.82384872
319,2018-11-16,8.711729622,4.809542744,13.50198807,10.14002062,42.18676815
320,2018-11-17,6.621314741,2.064071856,12.71297405,7.668085339,38.04117173
321,2018-11-18,6.136673347,1.773092369,10.83373494,7.461827916,37.07854162
322,2018-11-19,6.581325301,1.752917505,12.96700201,7.846670338,37.96041344
323,2018-11-20,5.76314741,-0.134131737,12.93473054,6.945666958,36.33673287
324,2018-11-21,6.146414343,1.29501992,10.82231076,7.28517926,37.10038163
325,2018-11-22,3.462749004,-0.950199203,8.22310757,3.620975657,31.78009924
326,2018-11-23,1.916666667,-2.979233871,7.948790323,2.873210397,28.71945831
327,2018-11-24,4.267073171,-0.316801619,7.872064777,5.129089172,33.38579685
328,2018-11-25,5.599597586,1.6212,10.9758,7.007755316,36.02600972
329,2018-11-26,5.885771543,0.996586345,13.38714859,7.445757175,36.59081418
330,2018-11-27,7.515991903,1.811515152,14.14606061,8.823551553,39.81734439
331,2018-11-28,5.466129032,0.897379032,11.65866935,6.508227798,35.74899698
332,2018-11-29,4.6826,-0.691417166,10.85369261,6.198189091,34.1976205
333,2018-11-30,4.513279678,-0.555241935,11.19657258,5.876623808,33.86450118
334,2018-12-01,5.1964,0.864328657,11.55430862,6.538984801,35.21831033
335,2018-12-02,8.473306773,1.3716,14.8992,9.590312495,41.71137182
336,2018-12-03,12.06793587,8.859879032,15.06209677,13.66342752,48.83824776
337,2018-12-04,9.455577689,4.2124,13.5694,10.06713839,43.6592233
338,2018-12-05,3.389820359,-0.873453094,7.390618762,3.849991102,31.63815343
339,2018-12-06,3.688223553,1.12,7.1144,3.997228976,32.23732262
340,2018-12-07,-3.512524851,-6.524652087,2.510735586,-5.027136704,17.96685345
341,2018-12-08,-5.313293651,-8.517097416,-1.362823062,-6.013129322,14.40271006
342,2018-12-09,-4.816898608,-9.070717131,0.086653386,-4.855447249,15.38334147
343,2018-12-10,-1.9888,-7.6796,5.0094,-1.235787646,20.98492548
344,2018-12-11,0.561477046,-3.0004,3.0946,1.445392195,26.04899308
345,2018-12-12,-1.095029821,-4.850898204,3.37005988,-1.204955057,22.76068015
346,2018-12-13,-0.623505976,-5.450698603,4.450698603,-0.795015848,23.69467089
347,2018-12-14,-2.950398406,-7.096215139,2.376693227,-2.853479203,19.08535687
348,2018-12-15,-2.003006012,-8.075903614,5.125100402,-0.761068542,20.96037651
349,2018-12-16,0.88,-3.205210421,4.486573146,1.974275591,26.67730962
350,2018-12-17,2.621713147,-1.2996,7.0322,2.790826442,30.12026215
351,2018-12-18,2.127345309,-3.065863454,8.026907631,2.733039101,29.14192687
352,2018-12-19,4.8812749,-0.687975952,11.05611222,5.828409639,34.59589236
353,2018-12-20,3.899601594,-0.329482072,10.28565737,5.437091374,32.65412897
354,2018-12-21,5.165940594,-0.923809524,12.08690476,6.724348069,35.16241722
355,2018-12-22,6.304733728,1.153861386,12.62970297,7.784102326,37.41726918
356,2018-12-23,4.618934911,-0.731818182,9.500197628,4.692523968,34.07123921
357,2018-12-24,-0.920866142,-5.015810277,4.517786561,-0.694475322,23.10032208
358,2018-12-25,0.495266272,-5.383201581,5.375889328,1.441820708,25.90817763
359,2018-12-26,1.712648221,-1.993267327,6.068910891,1.752189115,28.31303503
360,2018-12-27,-5.46547619,-8.634791252,-1.281908549,-7.234096895,14.09436188
361,2018-12-28,-7.42173913,-11.09287129,-3.164752475,-8.69660317,10.22760063
362,2018-12-29,-5.562721893,-9.777272727,-1.240711462,-6.631086143,13.90729707
363,2018-12-30,-5.288118812,-9.721230159,0.258928571,-5.304572038,14.45323996
364,2018-12-31,-3.697029703,-9.783531746,2.945039683,-3.148069467,17.603164
365,2019-01-01,-2.655029586,-6.584980237,1.659486166,-3.119095724,19.67030736
366,2019-01-02,-3.147035573,-7.526336634,2.441980198,-3.208867356,18.69440392
367,2019-01-03,-2.695454545,-8.1986,4.2666,-2.14113091,19.58666178
368,2019-01-04,-0.808333333,-7.283366733,4.959318637,0.134246083,23.325007
369,2019-01-05,-0.525246548,-5.3072,4.6348,-0.441286157,23.88427583
370,2019-01-06,-1.745725646,-6.45511022,4.781563126,-1.171347419,21.46629829
371,2019-01-07,-1.101593625,-6.725955734,4.925955734,-0.598102615,22.74442647
372,2019-01-08,-1.305168986,-5.650398406,3.696215139,-1.821395735,22.33850351
373,2019-01-09,-3.446942801,-8.590909091,2.140909091,-2.988471838,18.09518558
374,2019-01-10,0.219284294,-3.857455268,4.632604374,0.555114952,25.35876638
375,2019-01-11,1.78015873,-3.357057654,7.49582505,2.963442101,28.45487245
376,2019-01-12,2.598418972,-0.886930693,7.159405941,3.733867956,30.08169926
377,2019-01-13,0.993491124,-3.492094862,7.591106719,1.919360164,26.90136993
378,2019-01-14,0.692110454,-4.263438735,6.823320158,1.984224248,26.30368339
379,2019-01-15,0.296633663,-4.684356436,5.27009901,-0.110152335,25.51626192
380,2019-01-16,-3.68972332,-8.459405941,1.098019802,-4.199661306,17.61732439
381,2019-01-17,-0.075739645,-4.427075099,4.749209486,-0.265163696,24.77627882
382,2019-01-18,0.080314961,-5.94122288,7.29270217,0.997088598,25.08582104
383,2019-01-19,2.483431953,-2.911264822,8.640909091,3.895231816,29.84728427
384,2019-01-20,0.863636364,-3.620792079,5.036831683,0.162498626,26.63394328
385,2019-01-21,-0.221188119,-6.082539683,5.28968254,-0.531839994,24.48757595
386,2019-01-22,1.658613861,-4.17281746,8.173611111,2.10483606,28.21196145
387,2019-01-23,2.256521739,-3.098415842,8.74950495,2.463042036,29.39379854
388,2019-01-24,-0.118737673,-5.82055336,7.243873518,0.583957788,24.68621891
389,2019-01-25,-0.966732283,-5.892307692,4.792110454,-1.288577789,23.00814412
390,2019-01-26,-2.477120316,-6.941897233,2.883992095,-3.186001109,20.01513726
391,2019-01-27,-0.659566075,-8.103754941,6.349011858,-0.275350588,23.61872922
392,2019-01-28,1.85540275,-3.605128205,6.420315582,1.471163287,28.59700054
393,2019-01-29,-0.490373281,-6.918307087,7.18996063,0.508504042,23.95270784
394,2019-01-30,2.756078431,-3.358153242,8.936149312,3.720845777,30.38025874
395,2019-01-31,-0.461100196,-4.793688363,4.002761341,-0.745362889,24.01791644
396,2019-02-01,-1.899411765,-7.349409449,3.506889764,-2.211151585,21.16599775
397,2019-02-02,1.807647059,-5.074852652,7.858742633,2.40925641,28.50942418
398,2019-02-03,5.520866142,2.458661417,9.299212598,5.88737271,35.87328695
399,2019-02-04,1.591518738,-2.256916996,5.847035573,1.526973349,28.07142551
400,2019-02-05,2.481692913,-4.225641026,10.15364892,3.602272163,29.83761065
401,2019-02-06,5.107072692,-1.27480315,11.96535433,6.395859586,35.04098314
402,2019-02-07,1.265490196,-4.584675835,6.870333988,0.745325808,27.4317353
403,2019-02-08,-2.69410609,-6.488560158,2.139053254,-2.784169069,19.58533474
404,2019-02-09,-2.52254902,-5.355424063,0.950295858,-3.265344564,19.92443346
405,2019-02-10,-2.207874016,-7.052673267,2.181782178,-1.90288599,20.54949266
406,2019-02-11,-1.520158103,-5.681746032,3.113888889,-1.90589576,21.91066306
407,2019-02-12,-0.412007874,-6.103353057,5.233333333,0.239153977,24.10809299
408,2019-02-13,-0.510805501,-4.948126233,4.550295858,-0.476810638,23.90892593
409,2019-02-14,-0.138235294,-4.713948919,5.588998035,0.660332504,24.65045212
410,2019-02-15,1.351960784,-2.275787402,4.902165354,1.756910494,27.60716767
411,2019-02-16,-1.047834646,-4.322485207,2.654635108,-1.649553181,22.85257115
412,2019-02-17,-0.882778865,-6.258627451,5.353921569,-0.945726528,23.17572895
413,2019-02-18,1.675294118,-4.914931238,7.002554028,2.888871851,28.24084753
414,2019-02-19,2.730511811,0.160749507,5.663313609,3.414952991,30.34853578
415,2019-02-20,2.280632411,-0.989285714,6.124404762,2.529582187,29.44829847
416,2019-02-21,2.0256917,-2.957029703,8.43049505,3.048075922,28.94312591
417,2019-02-22,3.322003929,-1.920907298,10.20552268,4.48795831,31.50917305
418,2019-02-23,4.442519685,-1.569230769,12.33648915,5.47312229,33.72609928
419,2019-02-24,5.183234714,-1.592490119,13.18577075,6.218551977,35.19177009
420,2019-02-25,4.898814229,-0.236039604,11.59207921,5.693668519,34.62762657
421,2019-02-26,4.629585799,-1.991106719,11.78833992,5.599642506,34.09221764
422,2019-02-27,6.485854617,2.661023622,11.35649606,7.787800726,37.77321202
423,2019-02-28,5.774851485,0.624652087,12.36998012,6.785503246,36.36454944
424,2019-03-01,5.100394477,-0.850690335,12.65483235,6.077423093,35.0264611
425,2019-03-02,6.208661417,-0.982248521,13.53865878,7.519202569,37.22065846
426,2019-03-03,7.707283465,1.716141732,13.94350394,9.090207686,40.1873112
427,2019-03-04,7.674212598,2.638613861,14.01564356,8.654937052,40.12299896
428,2019-03-05,7.244094488,0.795059289,13.27470356,8.567012713,39.27298536
429,2019-03-06,7.551873767,3.455049505,12.9970297,8.608313707,39.88382455
430,2019-03-07,5.553769841,1.184722222,10.99861111,5.958570155,35.92771483
431,2019-03-08,5.065810277,-1.835049505,13.33227723,6.13493438,34.95812488
432,2019-03-09,6.916633663,-1.511309524,14.72718254,8.017228756,38.6197843
433,2019-03-10,7.240873016,3.12310757,11.70776892,7.916376551,39.27023157
434,2019-03-11,5.678415842,0.243055556,11.01984127,6.440994052,36.17861037
435,2019-03-12,5.002574257,0.242063492,10.60714286,4.905433112,34.83559003
436,2019-03-13,3.204365079,-1.985487078,8.630815109,2.801814176,31.26403286
437,2019-03-14,4.335445545,-3.058846918,10.76600398,5.002088795,33.50712071
438,2019-03-15,5.063293651,0.361829026,11.47455268,5.3268846,34.95790643
439,2019-03-16,4.840631164,0.286363636,10.13774704,5.369954153,34.51537917
440,2019-03-17,5.762721893,0.307509881,12.23458498,6.549606846,36.33759678
441,2019-03-18,6.544970414,-0.88972332,13.86976285,7.753822127,37.88454492
442,2019-03-19,9.411637081,1.513438735,17.45928854,10.54890933,43.56136092
443,2019-03-20,10.64314115,4.446015936,16.45258964,11.54764272,46.00874148
444,2019-03-21,8.8408,3.646693387,14.23086172,8.830738417,42.44010399
445,2019-03-22,4.413582677,0.739447732,9.513806706,4.308667613,33.6642247
446,2019-03-23,3.50492126,-1.026679842,9.386956522,3.380045958,31.86524333
447,2019-03-24,3.952952756,-2.512623274,10.33944773,4.263060304,32.75137452
448,2019-03-25,6.455226824,0.168577075,12.49466403,7.066981006,37.70948875
449,2019-03-26,9.618934911,2.605928854,17.47549407,10.58213974,43.97169585
450,2019-03-27,11.7790099,4.423366337,18.04673267,12.29228404,48.2498581
451,2019-03-28,9.73049505,5.728571429,14.92896825,10.72592189,44.1969362
452,2019-03-29,9.656039604,4.353571429,15.79980159,10.79779394,44.04557742
453,2019-03-30,6.531422925,3.043366337,11.34930693,6.567810598,37.86408239
454,2019-03-31,4.517261905,1.343141153,8.401988072,4.014587209,33.86722107
455,2019-04-01,4.972166998,-0.948605578,10.75258964,5.199059498,34.76648066
456,2019-04-02,5.885346535,-0.852380952,12.50178571,6.496534511,36.57441564
457,2019-04-03,6.463438735,-0.918217822,13.51722772,7.102570594,37.7178182
458,2019-04-04,8.817193676,0.411881188,16.52079208,9.294319811,42.37730259
459,2019-04-05,10.63690476,4.280753968,17.65079365,11.22771435,45.98364578
460,2019-04-06,10.29802372,2.573663366,17.20930693,11.58417381,45.31198648
461,2019-04-07,11.4582,5.883366733,17.7250501,12.77941782,47.6177766
462,2019-04-08,10.75694444,4.232007952,17.93240557,11.74365312,46.22163158
463,2019-04-09,8.885346535,4.353280318,14.80894632,9.091150996,42.5221489
464,2019-04-10,6.742147117,4.231075697,9.694820717,7.195462271,38.28876556
465,2019-04-11,8.115705765,2.860358566,13.83386454,9.478033908,41.00309524
466,2019-04-12,9.722970297,3.340079365,16.76428571,10.91323023,44.17920228
467,2019-04-13,10.46118812,3.276785714,17.62757937,11.75807723,45.63684592
468,2019-04-14,9.272924901,5.143762376,13.81069307,10.02875737,43.28923199
469,2019-04-15,10.14743083,1.754851485,18.35960396,11.09326064,45.01380663
470,2019-04-16,13.09782178,3.671825397,21.88888889,14.51755005,50.85321588
471,2019-04-17,14.11232604,7.243141153,21.64831014,15.54670273,52.86603357
472,2019-04-18,13.63735178,7.258415842,19.73089109,14.77131662,51.93287213
473,2019-04-19,12.20474308,8.222222222,17.15873016,13.42124658,49.09911207
474,2019-04-20,13.79940711,6.879009901,20.55405941,15.20818242,52.25447242
475,2019-04-21,15.26909449,10.40217822,21.15029703,16.94848314,55.16649471
476,2019-04-22,16.65940594,9.291848907,24.56202783,18.2729303,57.91730325
477,2019-04-23,16.53905325,11.55355731,21.59683794,18.06000308,57.68290345
478,2019-04-24,16.7183432,13.38735178,21.74051383,18.41302689,58.04346036
479,2019-04-25,12.70532544,9.585573123,16.55652174,13.90275952,50.09606495
480,2019-04-26,8.725494071,6.60019802,11.16851485,9.484323294,42.21672411
481,2019-04-27,10.7243083,4.375049505,17.02653465,11.97185321,46.16501587
482,2019-04-28,11.42741617,7.425098814,16.34683794,12.89227363,47.5583306
483,2019-04-29,11.30455446,7.634126984,14.80297619,12.7675398,47.32324141
484,2019-04-30,13.89151874,8.891501976,19.97371542,15.44453014,52.443099
485,2019-05-01,14.32612967,9.014173228,20.84980315,15.58962234,53.29842524
486,2019-05-02,14.95511811,7.56035503,22.93175542,16.21847215,54.53597707
487,2019-05-03,15.74271654,7.033858268,24.92716535,17.294335,56.09487626
488,2019-05-04,16.77322835,8.347337278,25.43353057,18.53188118,58.13723792
489,2019-05-05,17.47199211,9.875098814,25.99130435,19.1189714,59.51784104
490,2019-05-06,12.84793713,7.272834646,19.04035433,13.61806341,50.36278064
491,2019-05-07,12.86856582,4.518934911,20.72938856,14.02431362,50.40236181
492,2019-05-08,14.52209073,6.361067194,21.66363636,15.7783729,53.67394767
493,2019-05-09,15.65138889,9.641782178,22.77069307,17.03889934,55.9094035
494,2019-05-10,16.28452381,7.627037773,25.23558648,17.9554909,57.16566136
495,2019-05-11,17.23562992,9.302761341,25.81873767,19.02096788,59.05069881
496,2019-05-12,17.47554241,10.26363636,25.17529644,19.16648983,59.5275056
497,2019-05-13,17.02554455,10.88492063,23.36765873,18.66592327,58.64041972
498,2019-05-14,18.57905138,12.63366337,25.59089109,20.37924161,61.71816362
499,2019-05-15,19.07480315,12.80295858,26.38658777,20.92809807,62.69864094
500,2019-05-16,20.32200393,13.5734252,27.83996063,22.18079533,65.1665841
501,2019-05-17,20.0887574,13.86205534,26.24703557,21.86981661,64.70565886
502,2019-05-18,18.59503968,15.64325397,21.80615079,19.89088222,61.75580107
503,2019-05-19,18.84743083,16.09623762,21.94792079,20.35625398,62.25848146
504,2019-05-20,15.88636364,10.51683168,19.9439604,16.868114,56.38522051
505,2019-05-21,15.86003937,8.259763314,22.93885602,16.99774306,56.32705772
506,2019-05-22,17.99861933,9.624901186,25.81620553,19.42822734,60.56114574
507,2019-05-23,19.64901575,11.82149901,27.67001972,21.34675293,63.83090069
508,2019-05-24,21.72336634,13.2219802,30.21683168,23.54842811,67.93895635
509,2019-05-25,21.67766798,15.44752475,28.68673267,23.51524943,67.84772364
510,2019-05-26,21.93944773,15.28675889,28.79980237,23.68734633,68.3658447
511,2019-05-27,17.74055666,14.53240557,21.09821074,18.85013195,60.06682707
512,2019-05-28,16.75836653,11.15119522,22.8876494,18.02952403,58.10804158
513,2019-05-29,18.4750495,10.3770297,26.12930693,20.02726613,61.50527351
514,2019-05-30,19.23577075,11.66679842,26.17549407,20.84740114,63.01027661
515,2019-05-31,17.40610236,13.21301775,22.81597633,18.85425054,59.39439916
516,2019-06-01,17.73451677,11.51146245,24.106917,19.45660496,60.04476011
517,2019-06-02,19.29114173,12.45207101,26.63609467,21.17129894,63.12406579
518,2019-06-03,20.67814961,12.78425197,28.40531496,22.59281489,65.86993943
519,2019-06-04,21.62677165,14.89861933,28.91341223,23.50554564,67.75057038
520,2019-06-05,21.55834971,15.84035433,28.56496063,23.491408,67.6177328
521,2019-06-06,20.20098425,16.05601578,25.71025641,21.9550122,64.93599777
522,2019-06-07,18.01031746,15.85434783,21.05948617,19.35959362,60.60261695
523,2019-06-08,19.26976285,14.55,24.79071146,21.10383591,63.09059999
524,2019-06-09,18.97751479,15.15739645,24.19822485,20.6975037,62.51123258
525,2019-06-10,17.48379447,14.43083004,21.56027668,19.10637492,59.55390182
526,2019-06-11,17.83234127,13.86257426,22.90475248,19.57388884,60.24259011
527,2019-06-12,18.80966469,13.30217391,24.94822134,20.64747192,62.17755659
528,2019-06-13,20.21538462,13.81205534,26.89525692,22.09715346,64.95948954
529,2019-06-14,19.35443787,15.86976285,24.09762846,21.25254206,63.25893706
530,2019-06-15,19.38478261,15.12391304,25.16067194,20.93556373,63.31753179
531,2019-06-16,19.29663366,14.34365079,25.00496032,21.0135399,63.14230951
532,2019-06-17,20.20787402,15.72919132,25.62820513,22.03403338,64.94561757
533,2019-06-18,19.9812749,16.30099602,24.48705179,21.81800048,64.49973754
534,2019-06-19,20.9758,17.40320641,25.96352705,22.88960585,66.46870393
535,2019-06-20,22.04122288,17.11501976,27.7416996,24.01099469,68.57593962
536,2019-06-21,21.42721893,17.18675889,27.07509881,23.30273456,67.36077875
537,2019-06-22,20.73909627,16.07716535,26.38641732,22.52685681,65.99710373
538,2019-06-23,20.65314961,15.46370809,26.49664694,22.49047818,65.82581065
539,2019-06-24,21.47033399,16.24547244,27.49311024,23.40856287,67.44460829
540,2019-06-25,22.49194499,16.21141732,29.24311024,24.45587499,69.46642233
541,2019-06-26,20.88622047,17.17159763,24.57495069,22.76787122,66.29505342
542,2019-06-27,23.06205534,19.84237624,28.04673267,25.08317862,70.6035417
543,2019-06-28,22.7199211,19.51422925,27.37529644,24.72272615,69.9238095
544,2019-06-29,21.25049505,19.13425743,24.28475248,23.14631208,67.01910955
545,2019-06-30,22.7083004,19.25584158,27.27643564,24.64849131,69.90114956
546,2019-07-01,22.10710059,18.75948617,26.29071146,24.09317303,68.71000971
547,2019-07-02,22.29371316,17.61456693,27.99192913,24.25838178,69.07647551
548,2019-07-03,21.92114625,17.43861386,27.38514851,23.97799717,68.3404385
549,2019-07-04,23.10355731,17.29564356,30.01623762,25.14626613,70.67842817
550,2019-07-05,23.91023622,17.82169625,31.01637081,26.00034912,72.27455276
551,2019-07-06,24.19605523,18.16745562,30.46331361,26.15202943,72.83903075
552,2019-07-07,22.61321499,18.85364892,27.53727811,24.37585828,69.70590305
553,2019-07-08,21.67035573,18.1609901,26.40039604,23.45419578,67.84087521
554,2019-07-09,21.78323471,17.47948718,26.31341223,23.60189825,68.06423838
555,2019-07-10,20.41794872,18.43155819,22.95325444,21.99427711,65.36746251
556,2019-07-11,21.26027668,19.01282051,24.58303748,23.00272327,67.03592645
557,2019-07-12,22.09428008,18.58498024,26.93162055,24.03088964,68.68368265
558,2019-07-13,22.21397638,19.09783465,26.64330709,24.28253423,68.92211335
559,2019-07-14,23.02559055,19.21122047,28.12716535,25.07818599,70.52877552
560,2019-07-15,22.4061144,19.65207101,26.66035503,24.45568078,69.30417156
561,2019-07-16,22.93405941,19.46778656,27.79960474,24.97519275,70.34809366
562,2019-07-17,23.56588235,19.78683694,28.01748527,25.6185574,71.59825856
563,2019-07-18,23.6497053,20.68526523,27.64381139,25.68894577,71.76651295
564,2019-07-19,24.73772102,21.21532417,28.4762279,26.72890868,73.92119917
565,2019-07-20,24.42944664,22.63596838,26.77450593,26.21263743,73.31237375
566,2019-07-21,24.04260355,22.1199211,26.9964497,25.93666879,72.54700117
567,2019-07-22,25.69485149,22.41111111,30.30535714,27.77534511,75.81436406
568,2019-07-23,26.44201183,22.96574803,31.26870079,28.56896023,77.29279861
569,2019-07-24,25.56343874,23.70039526,28.46482213,27.64049468,75.55576432
570,2019-07-25,25.5780198,23.90039683,28.13009901,27.66722831,75.58732094
571,2019-07-26,25.4298,23.8088,27.9452,27.49287663,75.29357474
572,2019-07-27,26.20139442,23.74800797,29.84661355,28.35210932,76.82082645
573,2019-07-28,25.832,24.01736527,28.57764471,27.87967395,76.08862748
574,2019-07-29,26.62712871,23.58115079,30.66210317,28.73443409,77.6595167
575,2019-07-30,27.10788955,24.00749507,30.75739645,29.23148454,78.61103924
576,2019-07-31,26.94102564,24.19525692,30.43616601,29.06949351,78.28071377
577,2019-08-01,26.99489194,23.39882122,31.69842829,29.17619751,78.38712866
578,2019-08-02,27.51794872,23.18899804,33.1151277,29.7516964,79.42175765
579,2019-08-03,27.19464286,23.07574553,33.19005964,29.40683253,78.78260658
580,2019-08-04,27.2740519,22.87274549,33.06753507,29.49668125,78.93922303
581,2019-08-05,27.67709163,22.94051896,33.49860279,29.9107232,79.73668897
582,2019-08-06,27.08192534,23.10472441,31.94527559,29.25567488,78.55841518
583,2019-08-07,26.23740157,23.07559055,30.73169291,28.36704475,76.88931743
584,2019-08-08,26.87120316,23.34871795,32.22642998,29.06192454,78.14332089
585,2019-08-09,27.36792079,23.38712871,32.62376238,29.58417035,79.12538658
586,2019-08-10,27.81218075,23.70058939,32.65638507,30.01205958,80.00316751
587,2019-08-11,27.50098232,23.87145669,31.39330709,29.63782092,79.38654194
588,2019-08-12,26.69663366,24.38557312,29.88577075,28.80653402,77.7990264
589,2019-08-13,27.58349901,23.46202783,32.94314115,29.79808008,79.55239803
590,2019-08-14,27.64475248,23.92653465,32.12514851,29.84165336,79.67304183
591,2019-08-15,25.23011811,23.48067061,28.0199211,27.23541144,74.89665744
592,2019-08-16,25.30590551,22.20590551,29.52933071,27.33259995,75.04351505
593,2019-08-17,25.01798419,20.91561265,29.70731225,27.04371287,74.47172498
594,2019-08-18,24.20749507,20.00750988,29.76343874,26.30232814,72.86576816
595,2019-08-19,24.15861386,19.3986166,29.8284585,26.27813008,72.77035429
596,2019-08-20,25.10395257,20.7452381,30.29781746,27.18712642,74.64144219
597,2019-08-21,25.10157171,21.77362205,29.53740157,27.24067056,74.64034956
598,2019-08-22,25.09821429,22.0209901,29.66693069,27.17033253,74.63379469
599,2019-08-23,23.77858546,19.84479371,28.64636542,25.82824273,72.01697621
600,2019-08-24,22.13720472,18.33799213,26.9992126,24.20534892,68.76845835
601,2019-08-25,22.41627451,18.33862745,27.90490196,24.51839128,69.32157153
602,2019-08-26,23.50255906,18.5265748,29.11751969,25.56303188,71.47147758
603,2019-08-27,22.60158416,20.33630952,25.64861111,24.6663949,69.6936469
604,2019-08-28,23.29227723,20.41936759,27.48142292,25.39481956,71.05938073
605,2019-08-29,21.75770751,19.11363636,25.19565217,23.68027185,68.02139428
606,2019-08-30,21.91558185,17.75601578,27.18540434,23.76606721,68.32755934
607,2019-08-31,21.66338583,16.86279528,27.57854331,23.63199457,67.82872673
608,2019-09-01,21.25803922,17.31235294,26.05313725,23.41078748,67.02978516
609,2019-09-02,21.47504912,18.43090551,25.37814961,23.5253163,67.46140908
610,2019-09-03,21.92244094,19.78208661,24.84783465,23.95109807,68.34954394
611,2019-09-04,22.75513834,20.79390963,25.73202358,24.74056987,69.99889034
612,2019-09-05,23.46547619,21.15138889,28.2359127,25.51896416,71.40436685
613,2019-09-06,24.62287968,21.49921105,28.18145957,26.60880999,73.69413978
614,2019-09-07,24.90787879,21.89038076,28.249499,26.6614556,74.256405
615,2019-09-08,23.7124,21.16007984,27.30259481,25.81557607,71.89110657
616,2019-09-09,24.0502994,21.68043912,27.74590818,26.09583477,72.56118831
617,2019-09-10,24.32902584,21.75674603,28.39980159,26.33444383,73.11117183
618,2019-09-11,23.22524851,20.65626243,27.21192843,25.16755932,70.92632052
619,2019-09-12,20.43320158,18.09664694,22.99763314,22.12254326,65.39621432
620,2019-09-13,21.10118343,16.84831683,26.74613861,22.96868342,66.7159162
621,2019-09-14,21.60972222,17.29345238,26.37083333,23.66012175,67.7254715
622,2019-09-15,22.5649505,18.91857708,27.68023715,24.54824865,69.61639691
623,2019-09-16,21.69486166,17.38871287,27.53663366,23.6073519,67.89086384
624,2019-09-17,20.58293651,14.95376984,27.09563492,22.41400683,65.68686543
625,2019-09-18,19.99623762,14.4619802,26.67841584,21.67063056,64.52360711
626,2019-09-19,18.35487078,12.68087649,24.91033797,20.0446306,61.27509789
627,2019-09-20,18.65128205,14.27771203,23.28579882,20.31959442,61.86361
628,2019-09-21,17.4781746,15.62380952,20.30992063,18.81480263,59.54821003
629,2019-09-22,17.30930693,15.70930693,18.99089109,18.11729385,59.21305403
630,2019-09-23,17.49462151,13.57644711,21.96187625,19.03521431,59.57570131
631,2019-09-24,17.17222222,11.94393638,24.31789264,19.0384556,58.93751597
632,2019-09-25,18.03169291,12.48956693,24.44153543,19.98259189,60.64019597
633,2019-09-26,19.96844181,15.39861933,25.79171598,21.84763488,64.47487485
634,2019-09-27,20.79115914,16.41748527,26.28762279,22.76208195,66.10454538
635,2019-09-28,21.82259332,18.51355599,26.91650295,23.94587695,68.14910382
636,2019-09-29,21.19253438,17.04715128,27.52907662,23.24652397,66.8996428
637,2019-09-30,20.78055556,15.88500986,27.36646943,22.88524513,66.0844855
638,2019-10-01,20.84770459,17.2096,24.7332,22.86179915,66.22084252
639,2019-10-02,20.87171315,19.15756972,22.95776892,22.43764158,66.27043028
640,2019-10-03,21.2458,17.9004,25.5348,22.82418188,67.0060625
641,2019-10-04,20.54566929,16.47224409,26.08799213,22.50133215,65.6200162
642,2019-10-05,18.00964567,14.53661417,21.7519685,19.50714877,60.59730448
643,2019-10-06,16.71282051,12.56942801,21.36646943,18.17987294,58.02504156
644,2019-10-07,15.32642998,13.44268775,17.6798419,16.98685429,55.28840626
645,2019-10-08,15.14263261,9.521218075,21.00117878,16.34263543,54.91472807
646,2019-10-09,12.79173228,6.601183432,20.41518738,14.34548782,50.25833131
647,2019-10-10,14.42023576,8.505304519,20.80019646,16.38909687,53.48654204
648,2019-10-11,17.29,11.43392157,23.98,18.89964279,59.16697632
649,2019-10-12,17.23490196,12.87686275,22.52647059,18.43315565,59.05457241
650,2019-10-13,15.28535156,10.30820313,21.56523438,16.72573434,55.19690118
651,2019-10-14,13.98472222,9.030952381,20.3390873,15.25472413,52.62463291
652,2019-10-15,12.85686275,8.151663405,18.32289628,14.18306471,50.39155178
653,2019-10-16,12.96866267,7.950695825,19.73180915,14.65489343,50.61396152
654,2019-10-17,13.76803922,9.298431373,19.63980392,15.41672072,52.19694465
655,2019-10-18,15.09394531,10.87573386,19.44481409,16.51286239,54.82462872
656,2019-10-19,15.59179687,11.22304688,21.725,17.22847706,55.80942658
657,2019-10-20,14.64403131,10.19178082,21.681409,16.44769689,53.93290123
658,2019-10-21,14.8859375,9.522851563,22.31992187,16.52124092,54.41019041
659,2019-10-22,15.51568627,10.28565815,22.32141454,17.21323404,55.65678476
660,2019-10-23,15.57972441,11.84043393,19.54714004,17.14137145,55.78405175
661,2019-10-24,16.68720472,12.96122047,21.52952756,18.13738363,57.97409324
662,2019-10-25,16.19372549,11.27799607,21.93595285,17.72231037,56.99760694
663,2019-10-26,11.8665362,7.934833659,16.25009785,12.71472048,48.42581525
664,2019-10-27,10.04375,4.828320313,16.76171875,11.26264717,44.81792156
665,2019-10-28,11.33033268,4.725244618,17.92818004,12.65048552,47.36736291
666,2019-10-29,12.50451866,7.573477407,18.09744597,13.65451851,49.69039589
667,2019-10-30,10.58742633,4.962082515,17.55992141,11.94190716,45.89500426
668,2019-10-31,12.85322896,6.032093933,19.84187867,14.2123383,50.38365635
669,2019-11-01,13.63307241,8.294520548,20.7332681,15.28245351,51.92766325
670,2019-11-02,12.96294118,7.327504912,19.48015717,14.85922924,50.60342008
671,2019-11-03,13.20901961,8.75745098,19.50843137,14.80241402,51.08966582
672,2019-11-04,11.88786693,7.136986301,18.3297456,13.53361265,48.47365595
673,2019-11-05,11.12261905,6.022420635,18.27361111,12.64012761,46.95840521
674,2019-11-06,10.73745098,5.266470588,17.87647059,12.3020287,46.19375137
675,2019-11-07,9.966011788,4.95108055,16.02750491,10.90167394,44.66337934
676,2019-11-08,7.334055118,2.153740157,14.48011811,8.297119831,39.44957125
677,2019-11-09,8.228235294,1.879019608,16.53921569,9.554773063,41.22072975
678,2019-11-10,9.432405567,3.187549407,15.71521739,10.52499058,43.61034152
679,2019-11-11,11.46633466,7.293413174,16.12714571,12.20909499,47.63742763
680,2019-11-12,9.135294118,4.386247544,15.88546169,10.80704301,43.02286668
681,2019-11-13,8.766862745,3.41611002,13.81237721,9.585736261,42.29362141
682,2019-11-14,3.19408284,-1.180473373,8.167455621,3.046552357,31.24552357
683,2019-11-15,7.096456693,-0.621146245,13.03873518,7.865804184,38.98401833
684,2019-11-16,9.587376726,4.662130178,16.25345168,11.12806014,43.92065984
685,2019-11-17,11.28416834,6.151503006,15.53767535,12.31442014,47.28357299
686,2019-11-18,7.871570577,2.717693837,15.88667992,7.70152325,40.51632257
687,2019-11-19,3.101976285,-0.090891089,6.487128713,2.85098971,31.06872036
688,2019-11-20,2.0658,-2.4978,8.1872,2.803491186,29.01617259
689,2019-11-21,5.048915187,-2.27495069,11.94970414,6.257914527,34.92359507
690,2019-11-22,9.086758893,2.925889328,17.02351779,10.4142791,42.92303662
691,2019-11-23,10.63511905,4.678174603,17.79126984,12.1462992,45.99338534
692,2019-11-24,12.04444444,6.748412698,18.53571429,13.24776501,48.78530118
693,2019-11-25,5.030708661,2.302559055,9.718897638,5.116969002,34.89369715
694,2019-11-26,7.16627451,2.002554028,12.85088409,8.305913541,39.12372203
695,2019-11-27,5.503710938,1.969921875,9.245703125,6.013466109,35.82805416
696,2019-11-28,4.42421875,0.284570313,9.93515625,5.092182705,33.69403208
697,2019-11-29,2.903913894,-1.467906067,9.191780822,3.730859448,30.67918751
698,2019-11-30,5.163921569,-1.714117647,12.14431373,6.608372791,35.15454021
699,2019-12-01,6.017843137,4.082745098,8.189411765,7.251257788,36.85499246
700,2019-12-02,2.962475442,-0.51237721,6.341650295,2.450815603,30.79289538
701,2019-12-03,1.853333333,-3.066208251,6.126719057,2.35384079,28.6010705
702,2019-12-04,3.486470588,-0.871568627,8.767843137,4.279108608,31.83265999
703,2019-12-05,-0.478388998,-5.063064833,4.204715128,-0.948149339,23.97594891
704,2019-12-06,-3.700393701,-8.047337278,1.706311637,-3.772811379,17.5952234
705,2019-12-07,-0.116862745,-6.147058824,5.266078431,0.223844392,24.69800426
706,2019-12-08,0.704117647,-4.051669941,7.229273084,1.771905726,26.32622109
707,2019-12-09,3.03444227,-3.283757339,9.502739726,3.963464327,30.94146361
708,2019-12-10,6.684313725,1.966011788,12.81434185,7.968633171,38.17216814
709,2019-12-11,6.81476378,1.408661417,12.72401575,6.980800798,38.42558078
710,2019-12-12,1.054313725,-3.05254902,5.574901961,1.145240826,27.01065083
711,2019-12-13,1.607647059,-4.477843137,7.940588235,2.651720817,28.11046401
712,2019-12-14,3.551574803,-0.583300589,8.418467583,4.027853475,31.96146738
713,2019-12-15,4.440667976,-1.663261297,11.92671906,5.710622644,33.72556854
714,2019-12-16,6.905697446,1.139803922,13.75176471,8.338865712,38.60817275
715,2019-12-17,8.146168959,3.523379175,12.20039293,8.949774824,41.06918297
716,2019-12-18,3.783693517,0.952848723,7.604715128,4.018472134,32.4244405
717,2019-12-19,1.578473581,-1.903131115,6.041878669,1.578016528,28.05056672
718,2019-12-20,0.461568627,-3.568172888,4.970588235,1.047082404,25.84237777
719,2019-12-21,0.207058824,-4.348727984,4.598238748,1.171200394,25.3418959
720,2019-12-22,2.971764706,-1.029607843,8.497843137,4.30157385,30.81798211
721,2019-12-23,3.455490196,-1.149901768,8.038113949,4.16058626,31.77672282
722,2019-12-24,1.623921569,-2.413137255,8.173137255,2.866271493,28.14907459
723,2019-12-25,3.339961014,-2.912109375,10.15039063,4.717643896,31.54294653
724,2019-12-26,3.335992218,0.450583658,6.110505837,3.589016586,31.53820021
725,2019-12-27,-0.089083821,-3.803898635,4.322612086,-0.257045925,24.74945661
726,2019-12-28,0.474902724,-4.850980392,6.946666667,1.654966491,25.86949637
727,2019-12-29,3.173879142,-1.85481336,7.169941061,4.108163216,31.21988295
728,2019-12-30,4.653137255,-0.840118577,9.32173913,4.94182351,34.15100125
729,2019-12-31,-4.385098039,-7.329841897,-0.116403162,-5.830298284,16.23991746
