,일시,평균기온(°C),최저기온(°C),최고기온(°C),일강수량(mm),평균 풍속(m/s),평균 상대습도(%),불쾌지수,일 미세먼지 농도(㎍/㎥),체감온도,열지수
0,2018-01-01,-1.076923077,-5.607495069,4.460157791,0,1.963833992,51.20421053,37.55957454,32.96296296,-0.691515894,22.79175829
1,2018-01-02,-0.49486166,-5.861067194,4.953754941,0.000988142,1.997821782,57.35851064,37.41588821,40.03703704,-0.108084229,23.94713241
2,2018-01-03,-2.43715415,-6.161660079,2.143675889,0.005928854,2.577865613,47.91702128,36.31763754,23.18518519,-2.749178397,20.09695578
3,2018-01-04,-2.47790927,-6.49566075,1.413806706,0.121541502,1.745256917,53.73789474,35.29011403,26.42307692,-1.923697753,20.01899646
4,2018-01-05,-0.992110454,-4.478063241,3.713241107,0.21284585,2.107312253,56.42421053,36.87353584,29.64285714,-0.750031461,22.96214068
5,2018-01-06,-1.503162055,-6.079841897,4.484387352,0.013833992,2.189108911,55.61052632,36.3025763,28.25925926,-1.378344291,21.94987608
6,2018-01-07,-0.245454545,-6.581027668,4.668181818,0.766336634,1.276633663,61.92526316,37.0953908,32.65384615,1.043156917,24.44310487
7,2018-01-08,2.1312749,-0.356287425,4.920558882,2.448015873,2.3394,77.41368421,38.58957526,28.25925926,2.386546843,29.15630873
8,2018-01-09,-1.9662,-4.4234,1.0034,0.920039683,3.848995984,64.10421053,34.29266308,30.37037037,-3.175611556,21.03705298
9,2018-01-10,-5.123552894,-8.818762475,-1.376247505,2.262698413,3.415863454,64.35052632,29.68373397,21.88888889,-6.376510207,14.78561002
10,2018-01-11,-8.659561753,-11.81417166,-4.758083832,1.011928429,3.091967871,60.90319149,25.35538862,21.48148148,-9.995745139,7.782692229
11,2018-01-12,-8.862,-13.8714,-4.0454,0.307952286,2.310441767,56.99578947,25.97092491,18.44444444,-9.405576829,7.380028021
12,2018-01-13,-3.685828343,-8.640718563,2.03253493,0.027833002,1.581162325,69.14468085,30.90372098,31.03846154,-2.978123796,17.63455788
13,2018-01-14,-0.293227092,-7.275697211,6.138645418,0.018811881,1.6432,72.14,35.53704737,38.77777778,0.501513982,24.35331616
14,2018-01-15,3.953293413,-0.825948104,9.793812375,0.033596838,1.768537074,71.01894737,42.12596969,42.22222222,4.838166596,32.76089986
15,2018-01-16,3.669582505,-1.076435644,7.609306931,9.25256917,1.377425743,82.77157895,40.44302371,48.65384615,4.964404725,32.204676
16,2018-01-17,3.906138614,1.162178218,7.49980198,3.37312253,1.58968254,88.17553191,40.26468713,37.2962963,4.970362547,32.67559696
17,2018-01-18,2.919685039,-0.672834646,6.891535433,0.007920792,1.811439842,71.82736842,40.4697928,68.85185185,3.703820296,30.71473524
18,2018-01-19,0.716962525,-3.344378698,6.536883629,0,1.685770751,56.51684211,39.19998376,46.65384615,1.513794367,26.34614871
19,2018-01-20,0.851976285,-4.015581854,6.934911243,0,1.631225296,64.48947368,38.31204673,73.22222222,1.718855615,26.6172231
20,2018-01-21,0.631422925,-4.519565217,6.612450593,0,1.306930693,60.86631579,38.48805004,58.74074074,1.906199475,26.17882456
21,2018-01-22,2.146336634,-1.580594059,6.625940594,1.329166667,2.1032,65.28210526,40.09035362,41.62962963,2.60623812,29.18042912
22,2018-01-23,-7.110358566,-10.6054,-0.1944,0.105731225,4.066188525,48.29052632,30.23577102,20.61538462,-9.058543981,10.84418659
23,2018-01-24,-10.83784861,-13.85289421,-6.90758483,0.191848907,3.543574297,41.97684211,27.01476148,21.62962963,-12.79809132,3.460788877
24,2018-01-25,-10.41884921,-14.2246,-5.8228,0.034722222,3.423046092,44.39157895,26.9338956,18.15384615,-12.22948298,4.291542614
25,2018-01-26,-10.87094188,-14.44468938,-6.248496994,0.029108911,3.369477912,46.86736842,25.74852825,21.11111111,-12.68059738,3.397562733
26,2018-01-27,-7.45876494,-14.68625498,-0.440836653,0.005952381,1.729141717,46.53684211,30.16726905,27.11111111,-7.155029672,10.15351773
27,2018-01-28,-3.365737052,-6.680876494,1.071912351,0.109126984,2.777888446,42.64421053,36.05469181,24.11538462,-3.932524021,18.25588342
28,2018-01-29,-6.496414343,-9.936182903,-2.337972167,0.123366337,3.110179641,47.88631579,31.11037667,33.7037037,-7.639589676,12.05960617
29,2018-01-30,-5.024850895,-11.6104,0.657,0.25980198,2.071142285,56.79157895,31.28351974,32.57142857,-5.016257956,14.97748727
30,2018-01-31,-1.6482,-6.434869739,2.759519038,0.070750988,1.612072435,55.98315789,36.04587916,31.53571429,-0.882507938,21.66287608
31,2018-02-01,-3.06374502,-8.456374502,3.39063745,0.004940711,1.783433134,48.99052632,35.32678591,29.5,-2.58943966,18.85681041
32,2018-02-02,-2.955445545,-8.610693069,3.691881188,0.026679842,1.820634921,49.96842105,35.29858332,31.39285714,-2.520547568,19.07170298
33,2018-02-03,-5.14,-8.820606061,-1.212525253,0.594664032,3.760851927,52.66210526,31.92615506,28.39285714,-6.647853159,14.74755119
34,2018-02-04,-7.670318725,-11.10876494,-3.687051793,0.612698413,3.6002,48.94421053,29.37138455,22.14285714,-9.336574596,9.735772703
35,2018-02-05,-7.821713147,-12.10775348,-3.254671968,0.49980198,3.208982036,48.53263158,29.26612364,20.61538462,-9.180396014,9.435818305
36,2018-02-06,-8.508964143,-12.71693227,-4.041832669,0.459920635,3.0524,49.41684211,28.17831786,22.67857143,-9.794257195,8.075476912
37,2018-02-07,-7.366334661,-13.73433134,-0.742115768,0.21031746,1.818637275,49.99255319,29.53854123,24.28571429,-7.184038525,10.33815387
38,2018-02-08,-4.24509018,-11.28293173,3.507831325,0.317460317,1.488306452,48.58210526,33.87250526,36.67857143,-3.428961488,16.51755503
39,2018-02-09,0.777290837,-6.625349301,7.550898204,0.011857708,1.536055777,56.00736842,39.35153863,42.25,1.754921516,26.46535932
40,2018-02-10,0.6982,-4.6072,5.9118,0.185148515,3.08742515,51.42315789,39.86747654,54,0.268035198,26.30660488
41,2018-02-11,-4.2136,-7.8868,-0.5004,0.343253968,3.431863727,52.32105263,33.2225196,40.17241379,-5.38368793,16.58166289
42,2018-02-12,-4.551204819,-9.340160643,-0.685140562,0.41960396,3.34858871,56.74210526,31.94277811,36.10344828,-5.69361532,15.91528325
43,2018-02-13,-1.077644711,-7.829282869,4.561553785,0.05049505,2.763872255,54.09255319,37.1147764,38.07142857,-1.43089149,22.79168697
44,2018-02-14,4.265537849,-2.750398406,10.57788845,0,3.1634,62.29578947,43.47746574,52.42857143,4.133997176,33.37504396
45,2018-02-15,1.085177866,-3.43980198,6.44,0.022682446,2.272871287,45.67368421,41.13834153,36.24137931,1.318923748,27.07011881
46,2018-02-16,0.297826087,-5.514455446,6.433465347,0.001972387,2.123260437,44.92842105,40.24894539,30.51724138,0.612608382,25.51081201
47,2018-02-17,-0.993663366,-5.306336634,3.827326733,0,3.061829026,32.84947368,40.47450888,32,-1.568125753,22.94798579
48,2018-02-18,0.271881188,-4.899009901,5.992673267,0.043392505,1.490258449,35.96421053,41.47414378,28.37931034,1.284447069,25.45522793
49,2018-02-19,2.042094862,-2.965019763,7.998418972,0.238188976,1.529365079,47.88105263,42.07510506,44.82758621,3.086039594,28.96585192
50,2018-02-20,1.89960396,-4.274455446,8.003168317,0,2.002385686,47.43368421,41.94770399,47.82758621,2.436319128,28.68350967
51,2018-02-21,-0.291683168,-5.005544554,4.638217822,0.006903353,2.375745527,34.50947368,41.02923015,27.7037037,-0.252461348,24.33868678
52,2018-02-22,0.038856016,-6.246153846,6.310453649,0.037475345,2.181818182,47.97340426,39.48973071,36.39285714,0.279955533,24.99948241
53,2018-02-23,3.823366337,-2.946138614,9.262178218,0.868441815,2.31980198,65.81789474,42.47626242,59,4.222008601,32.50119976
54,2018-02-24,3.61049505,-1.45029703,9.380990099,0.027667984,1.877380952,62.21368421,42.55170392,53.13793103,4.371673889,32.07802063
55,2018-02-25,2.973372781,-1.81183432,9.273767258,0.014822134,1.706521739,57.93894737,42.12867596,34.06896552,3.867077722,30.81450941
56,2018-02-26,2.369367589,-4.460671937,10.5243083,0.007905138,1.475445545,52.94947368,41.889435,36.07142857,3.4922613,29.61623408
57,2018-02-27,4.361932939,-2.713241107,10.94150198,0,1.368650794,59.37052632,43.90698594,50.62962963,5.694019555,33.56453137
58,2018-02-28,5.157905138,1.724901186,8.962055336,31.31541502,3.19265873,81.27684211,43.00557533,39.17647059,5.097489599,35.15085229
59,2018-03-01,1.959760956,-2.442942346,5.758846918,1.132669323,4.537298387,59.34842105,40.55203848,33.59259259,0.845110348,28.80822045
60,2018-03-02,0.46765873,-5.525396825,7.409920635,0.012896825,1.812825651,49.36526316,39.84812329,41.86206897,1.109197609,25.84916596
61,2018-03-03,6.97960396,-1.575396825,15.40674603,0.048514851,1.750793651,58.25789474,47.64810889,35.62068966,8.048754523,38.74699705
62,2018-03-04,10.89758551,5.527128713,16.00950495,14.37980198,2.211706349,81.31789474,52.27165556,22.22222222,11.88915462,46.51543873
63,2018-03-05,5.109240246,1.468312757,10.93415638,9.14305835,3.223347107,82.12446809,42.84866268,16.75,5.026775821,35.05489419
64,2018-03-06,3.860956175,-1.21497006,10.03712575,0.000998004,2.029518072,66.43157895,42.46690392,22.92307692,4.500649671,32.57591607
65,2018-03-07,4.769,0.9332,8.8306,5.815308151,2.388176353,72.62210526,43.20664367,23.85714286,5.188178268,34.37675239
66,2018-03-08,3.030815109,0.942743539,6.284493042,14.48406375,2.872837022,87.34574468,38.8853339,21.9047619,2.965014236,30.94206642
67,2018-03-09,2.948809524,-0.455952381,7.270039683,0.10139165,1.769494949,75.28,40.12116089,33.71428571,3.776592341,30.77402446
68,2018-03-10,3.983730159,-1.48968254,10.2297619,0,1.803777336,69.2287234,42.35742066,31.42857143,4.836391364,32.82032321
69,2018-03-11,5.459325397,-0.162624254,12.42186879,0,1.684262948,63.02315789,45.11597486,44.78571429,6.506816673,35.73908517
70,2018-03-12,7.123564356,-0.57281746,15.57142857,0,1.69501992,64.46842105,47.39762789,61.24137931,8.248947383,39.03495758
71,2018-03-13,11.29051383,2.889306931,18.44019802,0,2.698217822,64.3,53.4376186,33.82142857,12.0572618,47.28543839
72,2018-03-14,14.26924603,7.659045726,21.01093439,0.000986193,2.450199203,67.73157895,57.74061128,22.76,15.39539875,53.18494098
73,2018-03-15,11.94345238,7.163293651,15.45376984,27.13418972,2.361553785,91.34526316,53.71250402,18.88461538,12.93057678,48.59096799
74,2018-03-16,4.807722772,0.965544554,9.515445545,0.7,3.08243513,70.52315789,43.46609621,19.45,4.776543197,34.45243697
75,2018-03-17,5.092261905,-1.231746032,12.32638889,0,1.711177645,65.74421053,44.33769875,22.25,6.094669785,35.01357835
76,2018-03-18,7.646626984,1.854563492,12.48075397,6.781782178,1.529681275,77.01052632,47.3110832,29.03448276,8.947467601,40.07651638
77,2018-03-19,8.092047714,5.130218688,11.1584493,17.26633663,3.00758483,85.59157895,47.47181315,20.16666667,8.415349558,40.96248252
78,2018-03-20,4.636435644,1.406930693,8.094455446,1.732608696,4.586227545,57.44315789,44.47782319,16.22222222,3.839653063,34.10714086
79,2018-03-21,1.459566075,-0.053254438,3.443195266,7.813121272,3.079282869,82.85368421,36.8313829,12.63157895,1.108236944,27.82888206
80,2018-03-22,4.207524752,-0.403557312,10.56699605,0.19486166,2.1687251,66.18421053,43.00062281,23.80769231,4.753991648,33.26200559
81,2018-03-23,5.311904762,-1.15029703,12.42574257,0,1.682071713,63.49789474,44.86166213,39.62068966,6.35375496,35.44741544
82,2018-03-24,7.863366337,1.334455446,14.67128713,0,2.012774451,61.11157895,48.687744,62.44827586,8.777635606,40.49818779
83,2018-03-25,9.449407115,3.242885375,17.19071146,0,1.915737052,63.27157895,50.82518517,53.5,10.53383956,43.63956373
84,2018-03-26,10.49071146,3.534387352,18.59209486,0.001976285,1.782107356,60.71263158,52.4210651,46.14814815,11.73117417,45.70014363
85,2018-03-27,12.20059289,4.460671937,19.93932806,0,2.081150794,61.40842105,54.81834556,56.22222222,13.35743417,49.08603587
86,2018-03-28,13.37549407,6.385207101,20.28974359,0.003944773,2.401980198,62.42842105,56.47349465,40.46428571,14.45315509,51.41281962
87,2018-03-29,13.37261905,7.710515873,20.34583333,0,1.773904382,68.08210526,56.40939735,36.55172414,14.78054165,51.4097843
88,2018-03-30,11.96114398,6.530177515,18.65779093,0.003937008,2.060792079,60.81052632,54.49351963,37.4137931,13.11357455,48.61164604
89,2018-03-31,12.98693069,5.914031621,20.57944664,0.000986193,1.835119048,58.64736842,55.97316834,45.03448276,14.33611194,50.64168704
90,2018-04-01,14.62851485,8.716468254,20.23809524,0.000986193,1.910978044,68.88736842,58.27463028,57.25,16.03373394,53.89683647
91,2018-04-02,16.54455446,10.84871287,23.0570297,0,2.1972167,70.47157895,61.16626999,54.32142857,17.94671727,57.69133946
92,2018-04-03,16.72930693,10.88178218,22.82376238,0.217948718,2.173015873,72.82315789,61.49800854,44.96153846,18.15414018,58.05825461
93,2018-04-04,11.0986166,8.034782609,16.05513834,13.28877953,2.486732673,86.18723404,52.43503974,19.41176471,11.95480331,46.91576887
94,2018-04-05,8.411067194,7.175098814,10.03557312,12.49350394,2.549108911,89.49473684,47.76740488,12.875,9.014749058,41.59597557
95,2018-04-06,7.16916996,3.31009901,12.1960396,15.00887574,3.922619048,69.78842105,47.08050147,85.73076923,6.963814986,39.12775708
96,2018-04-07,4.20952381,1.255555556,8.255357143,0.298422091,4.518055556,48.27894737,44.81781546,43.93103448,3.387971014,33.25754825
97,2018-04-08,6.18,-0.290674603,11.3077381,0.990316206,3.088270378,58.07052632,46.55458568,32.62068966,6.277671693,37.16369315
98,2018-04-09,9.442063492,3.53452381,16.36904762,0.017786561,1.854780876,59.60842105,50.99604953,41.96428571,10.56971271,43.62330167
99,2018-04-10,14.3593254,4.697227723,21.09029703,2.124063116,3.984126984,62.13510638,57.87869365,37.96428571,14.96264475,53.36066779
100,2018-04-11,14.05588822,8.251394422,19.54960159,1.872440945,3.329341317,53.72105263,57.47862033,47.03571429,14.82875532,52.75590758
101,2018-04-12,12.21471173,4.717764471,19.96526946,0,2.247389558,40.23157895,55.30583039,35.03448276,13.28170897,49.10403807
102,2018-04-13,12.31007905,5.604940711,17.63695652,0.080708661,2.533200795,42.49684211,55.37319652,33.13793103,13.24117311,49.29393004
103,2018-04-14,9.182608696,6.959486166,13.11600791,23.27125984,2.744642857,86.39787234,49.23726005,19.08333333,9.742796967,43.12217222
104,2018-04-15,9.485742574,5.583333333,14.61011905,0.009861933,3.035856574,63.66842105,50.85789557,89.51724138,9.926996992,43.71169445
105,2018-04-16,9.966930693,3.222222222,16.7343254,0.003937008,1.855069583,62.21157895,51.61553718,39.10344828,11.12544466,44.66376221
106,2018-04-17,11.46581028,5.36990099,18.75425743,0.008858268,1.571968191,62.96421053,53.73058757,54.67857143,12.91002873,47.63189753
107,2018-04-18,11.76086957,4.400990099,19.74237624,0,1.735515873,56.28085106,54.33106895,61.7037037,13.10408887,48.21297374
108,2018-04-19,13.54249012,4.642261905,21.92123016,0,2.006150794,48.38617021,56.83736005,49.51724138,14.82919026,51.73687193
109,2018-04-20,16.44920949,7.618613861,25.94792079,0,1.493849206,52.44631579,60.66477083,67.31034483,18.17376512,57.49408455
110,2018-04-21,17.43742574,8.801584158,26.04376238,0.001968504,2.091468254,53.05894737,61.99647878,50.06896552,18.94291014,59.45104068
111,2018-04-22,15.17272727,10.94743083,20.34940711,9.560749507,2.596435644,72.78829787,59.11471272,34.21428571,16.31279056,54.9762105
112,2018-04-23,11.09840954,10.07256461,13.21252485,52.55533597,3.452390438,91.84736842,52.24719918,13.14285714,11.51999666,46.91801916
113,2018-04-24,11.2940239,8.315139442,14.20498008,10.80916335,2.602208835,83.20421053,52.85308965,11.66666667,12.10776771,47.30127331
114,2018-04-25,12.29069307,4.845742574,20.11049505,0.172781065,1.642430279,59.08105263,54.99572699,26.38461538,13.72513467,49.26334037
115,2018-04-26,13.55992063,5.915247525,21.40891089,0.00295858,1.670833333,60.70105263,56.7519896,34.17857143,15.04096433,51.77717235
116,2018-04-27,13.8819802,7.37960396,21.04633663,0,1.945833333,59.97765957,57.2104246,36.81481481,15.22260177,52.41451029
117,2018-04-28,14.42922465,7.267992048,22.38548708,0,1.803792415,61.62553191,57.97838648,42.89285714,15.87983038,53.49882881
118,2018-04-29,15.15297619,7.142460317,23.12301587,0,2.017892644,58.06315789,58.98119266,42.51724138,16.53831117,54.93018254
119,2018-04-30,17.51507937,11.38829365,24.02301587,1.374753452,1.945725646,69.10210526,62.58786893,46.48275862,19.08304014,59.61233513
120,2018-05-01,17.87069307,13.23015873,22.67321429,0.618343195,1.63359841,79.83789474,63.48335171,40.68965517,19.59237889,60.32149609
121,2018-05-02,14.2438247,9.52306163,18.69562624,10.68540434,2.531610338,89.04574468,57.6606411,23.36363636,15.33333472,53.14462441
122,2018-05-03,11.0780198,6.92039604,16.14930693,1.039566929,3.662103175,61.93473684,53.20905966,34.13043478,11.41681615,46.86358853
123,2018-05-04,13.39089109,6.577227723,19.7429703,0.000984252,3.554183267,46.41157895,56.66254074,34.77777778,14.01861487,51.4357778
124,2018-05-05,16.85188119,8.642376238,23.64653465,0.009861933,3.074103586,50.64631579,61.157109,33,17.98239871,58.29052852
125,2018-05-06,15.36175299,13.42007952,18.20019881,26.69901575,2.030677291,92.96842105,59.58729912,15.73076923,16.75471517,55.35996607
126,2018-05-07,15.9695825,12.32564612,21.055666,11.86534653,1.722111554,85.97553191,60.53349493,22.62962963,17.54926684,56.56018186
127,2018-05-08,14.49264414,10.71749503,18.77276342,0.5617357,2.850698603,72.70319149,58.07373404,19.46153846,15.47732948,53.62960589
128,2018-05-09,12.84209486,8.314426877,18.28379447,0.028937008,2.125697211,69.41157895,55.60100285,19.91666667,14.01816851,50.35997127
129,2018-05-10,14.16488095,8.306560636,20.95129225,0,1.798403194,71.25578947,57.57634045,28.48275862,15.60338063,52.97995451
130,2018-05-11,15.71964286,9.169246032,22.33214286,0.017751479,1.74750499,61.54,59.80982025,33.10344828,17.27268364,56.05381666
131,2018-05-12,15.1673913,12.59249012,17.64525692,19.82228797,2.242345924,85.73894737,59.19923551,23.04166667,16.45167734,54.97173209
132,2018-05-13,16.23260437,12.40994036,21.15984095,6.588954635,2.001394422,82.04148936,60.90077225,18.51851852,17.69550846,57.07911616
133,2018-05-14,18.09384921,11.34265873,25.37777778,0.000984252,1.632206759,71.58085106,63.54217009,41.20689655,19.82739881,60.75946443
134,2018-05-15,21.37350598,14.12071713,28.21394422,0.084418146,1.822,68.37553191,68.30294469,50.03448276,23.21652405,67.25167833
135,2018-05-16,21.72088353,19.51126761,24.04668008,9.657480315,2.905050505,89.38829787,70.33315786,25.16666667,23.348783,67.9493619
136,2018-05-17,21.55458248,18.66741344,24.92912424,23.75884692,2.717177914,88.71935484,70.00419972,15.875,23.20285362,67.61977142
137,2018-05-18,16.68737475,12.79519038,20.90340681,10.86187625,2.345472837,91.06236559,61.83881429,15.10526316,18.04308754,57.98380132
138,2018-05-19,15.12390438,10.1438247,20.64223108,0.16019802,2.7812,68.55698925,59.01152165,14.95238095,16.19066745,54.87755246
139,2018-05-20,14.96428571,8.961904762,20.97698413,0.087128713,2.969461078,57.76,58.71832914,13.85,15.9494637,54.55643291
140,2018-05-21,15.5471173,9.535387674,21.53558648,0.007936508,2.220119522,69.94421053,59.65670827,17.96153846,16.8684378,55.71616603
141,2018-05-22,16.88784861,11.58466135,22.80099602,7.795049505,1.602994012,79.07368421,61.89192616,22.51724138,18.57528372,58.37510487
142,2018-05-23,16.93206413,11.40621242,22.78537074,12.73366534,2.566064257,68.59789474,61.70436213,34.08,18.22905041,58.45772798
143,2018-05-24,17.64900398,9.292031873,25.09442231,0,2.2104,55.98947368,62.37196709,78.20689655,19.12507773,59.87134294
144,2018-05-25,18.49146825,11.51865079,25.92539683,0.14229249,1.67202381,55.34736842,63.49561125,70.96551724,20.22815629,61.53912041
145,2018-05-26,19.00357143,11.56746032,26.82460317,0.374257426,1.612698413,63.95894737,64.57970279,52.27586207,20.79088134,62.55713213
146,2018-05-27,18.66182903,13.5640159,24.34850895,0.137623762,1.356487026,70.44315789,64.3572318,49.89655172,20.54923955,61.88352976
147,2018-05-28,19.5216,14.0852,25.5064,1.40729783,1.5176,74.94947368,65.87974435,40.48275862,21.37247379,63.58799425
148,2018-05-29,20.41553785,16.19662028,25.81968191,1.21541502,1.4502,78.24315789,67.46183798,33.96296296,22.332323,65.35953922
149,2018-05-30,19.5158,15.46513026,24.84148297,1.75443787,1.660764588,79.99894737,66.12425875,30.55555556,21.31000264,63.57888351
150,2018-05-31,18.51073559,12.94592445,24.81232604,0,1.774251497,68.34,64.04481016,29,20.20667724,61.58337626
151,2018-06-01,20.83373016,13.42460317,28.45456349,0.000988142,1.608747515,62.89052632,67.15339429,31.20689655,22.71296427,66.18034426
152,2018-06-02,21.6360396,14.51306931,29.52831683,0,1.600994036,57.73894737,67.93601991,31,23.55718688,67.76649572
153,2018-06-03,21.22936508,14.3827381,28.93015873,0.020750988,1.51812749,58.86,67.44945396,30.11111111,23.15753747,66.96180706
154,2018-06-04,21.00218447,14.82815534,27.23592233,0.016765286,1.581707317,63.55263158,67.43770961,33.55172414,22.89862244,66.51419498
155,2018-06-05,20.65877551,16.63265306,25.86571429,3.63800813,1.464344262,75.04,67.65020985,33.82758621,22.58060552,65.83964431
156,2018-06-06,21.23938776,15.79205703,27.68248473,0,1.433742331,74.03263158,68.48407468,35.62068966,23.19672779,66.98878309
157,2018-06-07,21.65560081,16.22912424,28.39185336,0,1.518404908,73.08947368,69.05892694,38.72413793,23.60303277,67.81244167
158,2018-06-08,21.01984127,16.55853175,26.59107143,0.006903353,1.736454183,72.88315789,68.07050471,35.25,22.86797743,66.5535408
159,2018-06-09,20.4580198,16.12158416,25.75564356,1.503747535,2.423459245,72.26842105,67.17345284,33,22.08049336,65.44084537
160,2018-06-10,19.08075397,16.46626984,22.83670635,2.122879684,2.427290837,74.21263158,65.16173075,15.94736842,20.59424067,62.71477279
161,2018-06-11,18.00079681,15.819,21.328,7.940316206,1.655911824,81.24736842,63.7411937,13.85714286,19.71908957,60.57976395
162,2018-06-12,18.83009901,15.0473161,24.00437376,0.825246548,1.626693227,76.44574468,64.87150003,15.8,20.6029908,62.21952554
163,2018-06-13,19.70711462,15.24110672,24.76521739,0.169625247,1.79265873,75.24105263,66.1828544,21.80769231,21.46372611,63.95545025
164,2018-06-14,19.75029703,16.56792079,24.10138614,3.736489152,2.399404762,73.84210526,66.17651431,21.28,21.32383857,64.04029391
165,2018-06-15,19.14831014,15.40318091,23.92703777,0.873767258,2.566932271,67.76526316,64.96584231,19.125,20.627958,62.84550375
166,2018-06-16,19.11394422,13.94482072,25.26713147,0,2.1238,67.99263158,64.92546144,18.46153846,20.72241976,62.7775661
167,2018-06-17,20.12390438,14.31155378,26.28466135,0,1.3168,74.46105263,66.78705835,25.24137931,22.08348929,64.78032737
168,2018-06-18,22.16580517,16.8499002,28.649501,0.001976285,1.393812375,70.13894737,69.61582651,28.03703704,24.17394746,68.82125954
169,2018-06-19,20.48944223,17.02649402,24.94302789,5.982178218,1.3208,81.4606383,67.77149905,28.84615385,22.46048479,65.50738212
170,2018-06-20,21.44729459,17.0240481,27.2492986,0.145544554,1.864,73.55684211,68.77187329,27.48148148,23.28306344,67.400215
171,2018-06-21,21.88227092,16.70978044,28.22075848,0,1.976152305,63.78526316,68.72143426,29.17857143,23.71598858,68.25687549
172,2018-06-22,22.57614314,15.62942346,30.08767396,0.078217822,1.4858,57.74,69.23496634,26.37037037,24.57433422,69.62790122
173,2018-06-23,22.45328032,17.82882704,28.44135189,0.172924901,1.882235529,61.54210526,69.3666752,29.48275862,24.34469717,69.38641982
174,2018-06-24,23.96944444,17.88270378,31.13777336,0,1.966135458,62.91157895,71.64765462,37.51724138,25.93771229,72.38906844
175,2018-06-25,24.18123752,17.7259481,31.23413174,0.005940594,1.452610442,65.02736842,72.1550669,39.57142857,26.25679427,72.80941316
176,2018-06-26,22.46004016,19.54518072,25.50702811,33.94762846,2.872434608,88.19052632,71.49093862,28.68,24.16104842,69.41232907
177,2018-06-27,23.16706587,20.44820717,27.14462151,25.25247525,2.626746507,84.93829787,72.40008106,17.33333333,24.9690903,70.81071142
178,2018-06-28,22.13643725,19.71788618,25.34126016,38.05742574,1.890224033,89.80421053,71.06917025,15.8125,24.00682787,68.77235373
179,2018-06-29,23.31787149,19.91408451,28.19758551,3.368525896,1.550301811,84.61368421,72.6205281,21.6,25.33320593,71.10915397
180,2018-06-30,22.65524194,19.69455645,26.47298387,19.12115768,1.60708502,88.67419355,71.85879584,22.65217391,24.6247753,69.7990559
181,2018-07-01,22.23016194,19.83502024,25.12995951,66.63420523,2.335902637,92.27263158,71.41867673,14.73333333,24.00872995,68.95908878
182,2018-07-02,23.08295218,20.7991684,26.33887734,39.10361446,2.053222453,92.36451613,72.89631798,13.28571429,24.97791471,70.64765664
183,2018-07-03,24.31821862,21.51663286,28.43225152,13.83964143,2.62398374,85.66989247,74.37202029,15.22222222,26.21757169,73.09033772
184,2018-07-04,24.81526104,21.25231388,29.88169014,7.390656064,1.830321285,81.94086022,74.81331842,17.85,26.85648757,74.07272907
185,2018-07-05,23.14422311,21.09880478,26.67390438,9.950695825,1.488622754,89.16914894,72.72676412,15.26086957,25.16666136,70.76747125
186,2018-07-06,21.46733068,19.400998,24.11936128,6.74265873,2.6776,82.79893617,69.44526419,10.07142857,23.1158959,67.44423024
187,2018-07-07,20.84661355,17.37290837,25.41573705,0.349206349,2.641716567,72.20425532,67.76216911,13.5,22.449835,66.21023082
188,2018-07-08,20.5388,16.71217565,24.76746507,0.231683168,2.2166,74.94631579,67.45824801,14.13636364,22.22028951,65.60204877
189,2018-07-09,20.11146881,18.51024096,22.09839357,12.04455446,2.006438632,91.12842105,67.70291687,9.904761905,21.82323962,64.76353861
190,2018-07-10,23.5152,19.7745491,27.51342685,4.750695825,1.973895582,86.15744681,73.08429208,20.21428571,25.45327875,71.50059
191,2018-07-11,25.4886,22.34471058,29.5257485,5.039761431,1.7336,84.52315789,76.18728635,24.11538462,27.58109876,75.40715388
192,2018-07-12,26.2566,22.66372745,30.68897796,0.091089109,1.662851406,81.61052632,77.11140869,20.45833333,28.39790516,76.92642495
193,2018-07-13,26.491,22.92570281,31.2439759,0.004950495,1.636217304,78.89052632,77.16626517,17.625,28.6468273,77.38925855
194,2018-07-14,26.63936382,22.55788423,31.80339321,0.000990099,1.6398,77.26210526,77.20571562,19.64285714,28.80237775,77.68225355
195,2018-07-15,26.82868526,22.20318725,32.54760956,0,1.4372,75.70105263,77.31248571,20.60714286,29.01784032,78.05637631
196,2018-07-16,26.82714571,21.91856287,32.6493014,0,1.371057884,74.25638298,77.13298464,26.11538462,29.02207056,78.052649
197,2018-07-17,26.57185629,21.8832,32.1022,0,1.4398,74.26421053,76.73946699,30.44,28.75004838,77.54717963
198,2018-07-18,26.48957916,21.6936,32.3676,0,1.2792,75.28631579,76.73421389,31.56,28.68155684,77.3847513
199,2018-07-19,26.74271457,21.76933868,32.73687375,0,1.2958,74.12526316,76.98656265,31.16666667,28.94163537,77.88541372
200,2018-07-20,27.37125749,21.81337325,33.71796407,0.000986193,1.276907631,72.76421053,77.78275108,32.64285714,29.5933075,79.129289
201,2018-07-21,28.06147705,22.73912176,34.34251497,0.067193676,1.510843373,71.81894737,78.71160979,32.74074074,30.29995495,80.49547946
202,2018-07-22,28.32555332,23.28490946,34.04627767,0.244047619,1.94291498,70.98631579,78.99884909,26.4,30.56983744,81.01795914
203,2018-07-23,28.48654618,24.41770624,33.83521127,0.11980198,1.637171717,72.01894737,79.38594653,22.52,30.74314189,81.33721035
204,2018-07-24,28.64311377,23.9352,34.3848,0.00297619,1.563983903,74.30638298,79.94593459,25.72,30.90772508,81.64828927
205,2018-07-25,28.398998,24.65100402,33.38574297,0.004960317,1.778181818,74.97789474,79.66139054,24.48,30.64958797,81.16525564
206,2018-07-26,28.45487078,24.19383698,33.85884692,0.170634921,1.344288577,74.40210526,79.66825695,28.48,30.71280977,81.27561312
207,2018-07-27,28.77944112,24.27350598,34.70239044,0.483168317,1.3752,75.83578947,80.37369462,30.62962963,31.04961779,81.91893623
208,2018-07-28,27.91825397,24.53492063,33.4797619,2.803162055,1.553892216,79.43157895,79.50922077,27.5,30.14883194,80.2154757
209,2018-07-29,28.32178218,23.93544554,33.50574257,0.257905138,2.340319361,69.83578947,78.83507845,18.96,30.56111117,81.00995153
210,2018-07-30,27.9640159,23.70457256,33.18966203,0.703557312,2.132270916,70.21263158,78.34837531,14.04761905,30.18101374,80.30175143
211,2018-07-31,28.23670635,23.24007937,34.30952381,0.013861386,1.829025845,69.19789474,78.62024747,16.43478261,30.4773042,80.84120158
212,2018-08-01,29.08687873,23.27117296,35.70974155,0,1.706613226,67.97473684,79.71399638,21.8,31.37499134,82.52396801
213,2018-08-02,29.2394,24.1808,35.2392,0.007905138,1.80260521,68.42842105,80.00662894,23.19230769,31.53779769,82.82617336
214,2018-08-03,29.17721774,24.64799197,34.73433735,1.19980198,1.980761523,70.77263158,80.25605002,24.5,31.47537727,82.70415427
215,2018-08-04,28.97484909,24.79818913,34.31307847,0.026732673,1.787449393,71.94210526,80.11857199,24,31.25793871,82.304014
216,2018-08-05,28.69520958,24.65449102,33.97245509,0.474257426,1.815261044,71.90631579,79.68784794,20,30.96248914,81.75031094
217,2018-08-06,28.12171315,24.62231076,33.24960159,9,1.578243513,77.67263158,79.59584723,21.31818182,30.36126054,80.61749817
218,2018-08-07,27.83887776,24.4396,32.9602,1.43972332,1.54749499,77.96,79.18736819,17.1,30.0659623,80.05761916
219,2018-08-08,28.06003976,24.14870775,33.62683897,1.302761341,1.5088,76.75157895,79.37431475,19,30.29850937,80.49495197
220,2018-08-09,27.52304609,24.15450902,32.63186373,3.695238095,1.406425703,79.48842105,78.88568154,19,29.74282399,79.43299082
221,2018-08-10,27.21626506,24.09036145,32.06425703,5.511067194,1.501606426,83.11368421,78.85415405,17.77777778,29.41726127,78.82726825
222,2018-08-11,27.14302789,23.6491018,31.99500998,0.562252964,1.8434,77.98,78.08918441,14.9047619,29.31911797,78.67984582
223,2018-08-12,27.47037773,23.5172619,32.49285714,1.311287129,1.874353877,77.8287234,78.58754438,19,29.66429738,79.32792741
224,2018-08-13,28.6234,24.4232,34.1698,1.832871287,1.7972,75.36736842,80.06439662,21.66666667,30.88657365,81.60975466
225,2018-08-14,28.75705765,24.17037773,34.90974155,0.466336634,1.510179641,71.58421053,79.73633216,21.24,31.02687828,81.87261873
226,2018-08-15,28.49801193,23.79860835,35.15407555,4.436956522,1.789221557,73.53473684,79.61430099,21.90909091,30.75409479,81.36062494
227,2018-08-16,26.42171315,22.65956175,31.09282869,8.134911243,2.766932271,74.96526316,76.59059074,15.14285714,28.48924035,77.25022571
228,2018-08-17,24.2672619,19.96964286,29.4140873,0.915019763,3.265407555,60.74947368,71.86411895,14.19047619,26.08968932,72.97773082
229,2018-08-18,23.52111554,18.30438247,29.63924303,0,2.028685259,64.98736842,71.19180637,16.71428571,25.4495659,71.50235283
230,2018-08-19,24.57003968,19.22996032,30.90694444,0,1.430417495,69.67157895,73.1858476,19.4,26.66633659,73.58142421
231,2018-08-20,25.75725646,20.72166998,31.06580517,0.210059172,2.181673307,71.62315789,75.18494501,25.26923077,27.81704423,75.93303068
232,2018-08-21,25.81414343,21.35389222,31.0762475,3.201577909,2.1482,72.73085106,75.39604222,22.39130435,27.88113004,76.04618748
233,2018-08-22,27.80358566,22.07419355,33.58366935,4.772189349,2.692929293,69.33789474,77.99122218,20.48,29.99464464,79.98368841
234,2018-08-23,26.38163673,23.83406375,29.30318725,44.49980198,4.186372745,80.12315789,77.13793661,13.04761905,28.37230001,77.1732986
235,2018-08-24,24.58795181,22.11546185,27.71285141,20.62079208,3.347887324,85.50736842,74.80295271,14.0625,26.43482388,73.62433304
236,2018-08-25,23.80159363,20.72450199,27.90876494,1.71916996,1.624501992,81.39787234,73.11964598,20.25925926,25.82400748,72.06541238
237,2018-08-26,22.17142857,19.80536779,25.8805169,42.69150198,1.842828685,90.15319149,71.15531871,15.14285714,24.05551564,68.84180057
238,2018-08-27,23.25996016,20.79021956,26.0261477,39.79166667,1.7132,93.97263158,73.34189811,14.05555556,25.23546386,70.99888825
239,2018-08-28,24.3922,21.99363817,28.24890656,37.14910537,1.616566866,89.45473684,74.86743317,13.45,26.44558616,73.23859973
240,2018-08-29,25.22888889,22.07762097,29.20947581,30.86237624,2.287272727,84.08421053,75.71273482,16.15,27.23956066,74.89271958
241,2018-08-30,25.45757576,23.21350806,29.39415323,15.59722222,2.016161616,86.44526316,76.34576341,15.72727273,27.51430823,75.34662927
242,2018-08-31,23.43066132,20.62334004,27.18973843,24.92330677,1.688933602,88.14787234,73.12078306,16,25.42049434,71.33413892
243,2018-09-01,22.79454545,19.10792683,27.52418699,12.17128713,2.015618661,79.53043478,71.33804474,17.48,24.67809315,70.0705793
244,2018-09-02,22.23838384,17.95653924,26.70744467,1.114770459,1.979275654,79.2212766,70.42580461,13.65217391,24.09405051,68.969234
245,2018-09-03,23.31102204,20.88212851,26.72269076,34.04282869,1.787148594,90.48172043,73.12433349,14.52,25.2735366,71.09835006
246,2018-09-04,22.93273092,19.04156627,27.75843373,22.06242545,2.289579158,77.68723404,71.40388388,14.95833333,24.77279147,70.34332023
247,2018-09-05,22.43815261,17.64317269,27.88253012,0.000994036,2.242685371,68.06489362,69.86140348,19.72,24.250853,69.35953267
248,2018-09-06,21.99297189,17.58216433,26.48276553,1.01752988,1.6614,78.17096774,69.95605661,24,23.91463192,68.48282469
249,2018-09-07,20.59959759,16.76820926,24.81428571,6.20876494,2.094959677,77.60212766,67.71443854,22.76,22.31815316,65.72367622
250,2018-09-08,18.95943775,14.18293173,24.85983936,0.013944223,1.52248996,71.93052632,64.87232644,18.62962963,20.78268821,62.47349409
251,2018-09-09,19.72016129,13.98808081,26.20363636,0.657684631,1.807878788,70.22315789,65.94105787,18,21.47223686,63.97892424
252,2018-09-10,19.8440404,14.91431452,25.57520161,1.009940358,2.019556452,68.06315789,66.0120569,15.09090909,21.53441631,64.22318968
253,2018-09-11,18.99416499,14.10100806,24.21229839,0.062624254,2.253427419,68.09684211,64.7525075,14.84210526,20.553157,62.5404522
254,2018-09-12,20.33967936,15.12092555,26.05231388,0.708167331,1.750403226,74.58404255,67.12807575,16.26086957,22.14605304,65.20761963
255,2018-09-13,20.57815631,17.93253012,24.24879518,15.5237525,1.686345382,86.38315789,68.21381568,17.96,22.41856868,65.68534958
256,2018-09-14,21.30744467,18.45383065,24.44354839,8.743625498,1.861616162,89.16421053,69.61717675,14.43478261,23.13554756,67.13064762
257,2018-09-15,21.66933868,19.73835341,24.47670683,2.280594059,1.153722334,91.50210526,70.39698535,14.16666667,23.74509388,67.84829657
258,2018-09-16,21.9915493,19.63400402,25.79839034,0.48970297,1.23125,85.28631579,70.48543613,23.07407407,24.04769627,68.48335217
259,2018-09-17,21.1832,17.10761523,26.64388778,0.281312127,1.339112903,77.72842105,68.64394101,25.72,23.17240186,66.87926836
260,2018-09-18,20.45209581,15.7516,26.6804,0,1.256312625,74.18421053,67.27835905,27.46153846,22.44898737,65.43001628
261,2018-09-19,20.16838966,16.17205589,24.86267465,2.168972332,1.09258517,79.48315789,67.14047232,28.76,22.2332904,64.87076862
262,2018-09-20,19.48011928,17.92324649,21.40641283,12.03359684,1.74497992,91.44421053,66.63768139,15.13636364,21.24106259,63.51361496
263,2018-09-21,19.10775348,17.4972,21.2758,24.25595238,1.7186,93.60315789,66.09863479,10.84210526,20.85833443,62.77734537
264,2018-09-22,19.66594059,14.58210736,25.80914513,0.581027668,1.549304175,75.50947368,66.1327089,27.32,21.5107078,63.87405183
265,2018-09-23,18.38214286,13.31215139,25.05079681,0.295454545,1.568924303,73.47052632,64.05365299,27.34615385,20.15804324,61.331174
266,2018-09-24,16.11956088,11.6234,21.6024,0,1.695608782,69.01170213,60.50131041,17.38461538,17.72080825,56.84916604
267,2018-09-25,16.03313373,9.658083832,22.87644711,0.203557312,1.832335329,68.58297872,60.36551306,14.41666667,17.5617002,56.67783879
268,2018-09-26,17.3047619,13.16195219,22.67569721,0.298809524,2.282834331,69.44468085,62.28333209,12.60869565,18.72969398,59.19606757
269,2018-09-27,16.6249505,11.23797217,23.25884692,0.084158416,1.927290837,69.02526316,61.25625894,11.8,18.14531575,57.84984385
270,2018-09-28,16.56799205,11.62335329,21.79580838,0.039525692,1.729141717,75.62526316,61.30995264,14.94444444,18.17659174,57.74016813
271,2018-09-29,17.91388889,13.39482072,23.24322709,2.693675889,1.70876494,77.97789474,63.48859574,14.96296296,19.60440885,60.40614961
272,2018-09-30,17.59900596,13.14550898,23.65568862,0.877227723,2.9306,64.52526316,62.57032906,18.44,18.84133521,59.77635868
273,2018-10-01,15.21272366,11.2926,19.5818,1.042574257,3.051903808,62.63473684,59.09870373,16.19230769,16.19321148,55.05063117
274,2018-10-02,14.72942346,9.514570858,21.34650699,0.004940711,1.5726,71.74315789,58.43324142,20.5,16.3291286,54.09797773
275,2018-10-03,15.00434783,9.01765873,22.74503968,0,1.362948207,72.83473684,58.85724785,20.62962963,16.74909483,54.64284102
276,2018-10-04,17.47272727,10.52445328,23.89880716,1.358102767,2.162549801,72.42105263,62.62409225,19.7037037,18.9537991,59.53003789
277,2018-10-05,17.25708583,15.31377246,19.19061876,63.64782609,2.873253493,93.20421053,62.87352472,10.78571429,18.48478786,59.11283592
278,2018-10-06,18.2169697,15.44766734,21.54016227,71.81509054,4.145233266,87.44315789,64.32157252,22.5,19.2354304,61.01069828
279,2018-10-07,16.74530938,11.72449799,22.74156627,0,2.015261044,72.36210526,61.51200536,23.74074074,18.23546776,58.08972276
280,2018-10-08,13.90618762,9.101002004,20.59158317,0,1.692741935,63.81052632,57.22398211,19.66666667,15.39195138,52.46424244
281,2018-10-09,14.48829365,9.608548708,19.49582505,0.079405941,1.397194389,73.66315789,58.06749556,21.27586207,16.18984172,53.62144311
282,2018-10-10,13.17634195,8.384462151,17.40298805,2.221471173,2.789779559,65.43263158,56.15138167,18.14814815,14.06717043,51.01991039
283,2018-10-11,9.998406375,5.5118,15.3394,0.021782178,2.379879276,58.88315789,51.80692122,15.23076923,10.82633423,44.72451971
284,2018-10-12,9.877075099,4.286282306,16.88429423,0.000988142,1.593013972,68.03789474,51.2239643,18.76,11.22834679,44.48858651
285,2018-10-13,11.16818182,5.083333333,18.88353175,0,1.285458167,73.01263158,52.97806257,21.22222222,12.8346189,47.04731594
286,2018-10-14,12.52930693,6.531809145,19.46322068,0.007905138,1.290618762,73.16105263,55.0616152,22.77777778,14.2380958,49.74241342
287,2018-10-15,13.56252465,8.389328063,20.38280632,0.02173913,1.424206349,73.77263158,56.64153569,40.44827586,15.2078319,51.78847195
288,2018-10-16,12.59722222,8.520517928,18.24103586,0.450690335,1.2592,78.9212766,55.06047715,38.06896552,14.3344902,49.879593
289,2018-10-17,11.96998012,7.3794,18.5124,0.830039526,1.5956,73.94947368,54.18412909,26.26923077,13.42125624,48.63531689
290,2018-10-18,11.20578842,6.183433134,17.01876248,4.550395257,2.048192771,72.63157895,53.04792449,18,12.31551493,47.12159792
291,2018-10-19,11.5125,6.113346614,18.55358566,0.061386139,1.821843687,70.06382979,53.59143476,17.31818182,12.78421095,47.72768
292,2018-10-20,11.18928571,5.179640719,19.76467066,0,1.233867735,70.43473684,53.09348657,24.46428571,12.90359462,47.08789004
293,2018-10-21,11.3218254,5.00059761,20.10856574,0,1.1428,69.71157895,53.3156198,27.11111111,13.1270823,47.34997873
294,2018-10-22,12.42321429,6.616334661,19.5061753,0.067193676,0.9884,73.59263158,54.89020187,29.17857143,14.40885126,49.53255282
295,2018-10-23,12.44950495,7.992828685,18.46752988,1.618934911,1.512,79.25789474,54.81876344,30,13.9836146,49.58727101
296,2018-10-24,11.62376238,6.632270916,18.737251,0,1.488822355,71.80105263,53.7102209,35.10714286,13.1384506,47.948796
297,2018-10-25,11.99502982,5.524750499,20.40359281,0,1.246107784,71.65263158,54.27845482,32.44827586,13.72395528,48.68383578
298,2018-10-26,12.26111111,8.586626747,15.36746507,7.99704142,2.123647295,83.34210526,54.43006039,27.96551724,13.39831991,49.21617079
299,2018-10-27,9.796831683,6.19484127,13.67003968,0.413188976,3.500796813,57.98421053,51.56750091,23.44827586,10.06147597,44.32497931
300,2018-10-28,10.0598,4.3842,15.6722,4.675936884,2.72188755,70.72105263,51.37857996,20.91304348,10.7083051,44.85164289
301,2018-10-29,9.253093812,4.5604,15.0422,0.337869822,2.244088176,69.73789474,50.21087074,17.22222222,10.10640419,43.25390256
302,2018-10-30,6.976923077,2.044664032,12.593083,0.000984252,1.992079208,62.42105263,47.3366153,17.60714286,7.849511609,38.74364559
303,2018-10-31,7.299802372,2.504356436,13.60930693,0.052362205,1.859486166,67.00842105,47.4732032,18.07142857,8.296850256,39.38510265
304,2018-11-01,7.435856574,1.6166,15.2242,0.001972387,1.606586826,67.53684211,47.63699869,21.96296296,8.655995258,39.65473833
305,2018-11-02,8.725298805,2.3544,17.615,0.000986193,1.186454183,67.56105263,49.54221619,28.2962963,10.41297727,42.20784533
306,2018-11-03,9.428373016,2.94194831,18.56520875,0,1.159244533,67.67894737,50.57610604,29.68965517,11.16549898,43.59998768
307,2018-11-04,9.870039683,3.307355865,18.88170974,0,1.249304175,67.47578947,51.23898257,28.93103448,11.5273591,44.47439219
308,2018-11-05,10.40238095,4.089662028,18.29522863,0.005905512,1.23499006,73.35368421,51.79057611,35.96551724,12.09076595,45.53119052
309,2018-11-06,11.45247525,6.021272366,18.2332008,0.140039448,1.161553785,78.48191489,53.25183178,48.06896552,13.24300914,47.61278749
310,2018-11-07,12.5988024,9.749500998,15.3249501,3.923622047,1.2476,88.11382979,54.89502671,41.46153846,14.34590905,49.88704224
311,2018-11-08,13.6442,11.55731463,16.62164329,38.3254,2.583366733,92.74408602,56.6170444,16.84,14.66239463,51.95910572
312,2018-11-09,11.6606,7.414257028,15.46626506,0.94950495,3.185370741,71.12,53.78501453,29.85714286,12.24645084,48.0214144
313,2018-11-10,10.4158,5.2952,17.3106,0.00990099,1.493,75.42631579,51.7285265,45,11.87379386,45.55873437
314,2018-11-11,9.033333333,4.49241517,13.8251497,1.693465347,1.133665339,81.29052632,49.26226651,38.03448276,10.78801978,42.82420655
315,2018-11-12,8.620916335,4.2692,14.1232,0.897637795,1.797804391,73.45368421,49.04812224,24.39285714,9.743669932,42.00393757
316,2018-11-13,8.40513834,3.826984127,14.50119048,0.178500986,1.583762376,74.39789474,48.65997662,24,9.692840175,41.57714092
317,2018-11-14,8.085770751,3.221782178,15.1029703,0.151574803,1.246442688,76.28947368,48.0469856,24.23076923,9.688427162,40.94568214
318,2018-11-15,8.529306931,2.939960239,15.99502982,0,1.148514851,76.21489362,48.74560501,29.56,10.25388121,41.82384872
319,2018-11-16,8.711729622,4.809542744,13.50198807,1.283037475,1.443168317,79.87978723,48.8230134,33.46428571,10.14002062,42.18676815
320,2018-11-17,6.621314741,2.064071856,12.71297405,0.012820513,1.753784861,65.89052632,46.56011062,25.07407407,7.668085339,38.04117173
321,2018-11-18,6.136673347,1.773092369,10.83373494,0.052371542,1.438476954,59.42210526,46.38341945,25.92857143,7.461827916,37.07854162
322,2018-11-19,6.581325301,1.752917505,12.96700201,0.000986193,1.516064257,62.53052632,46.76319221,38.5862069,7.846670338,37.96041344
323,2018-11-20,5.76314741,-0.134131737,12.93473054,0.106299213,1.561277445,54.68297872,46.26842951,39.17241379,6.945666958,36.33673287
324,2018-11-21,6.146414343,1.29501992,10.82231076,0.912450593,1.625298805,64.85368421,45.95083316,34.17857143,7.28517926,37.10038163
325,2018-11-22,3.462749004,-0.950199203,8.22310757,0.001976285,2.6038,50.75789474,43.58649006,19.96428571,3.620975657,31.78009924
326,2018-11-23,1.916666667,-2.979233871,7.948790323,0.002964427,1.599395161,52.03894737,41.39836955,21.85714286,2.873210397,28.71945831
327,2018-11-24,4.267073171,-0.316801619,7.872064777,4.479522863,1.811066398,78.70631579,41.82619763,28.38461538,5.129089172,33.38579685
328,2018-11-25,5.599597586,1.6212,10.9758,0,1.343486974,82.56702128,43.60577672,33.44827586,7.007755316,36.02600972
329,2018-11-26,5.885771543,0.996586345,13.38714859,0.010912698,1.223138833,78.69473684,44.39960208,38.06896552,7.445757175,36.59081418
330,2018-11-27,7.515991903,1.811515152,14.14606061,0,1.516194332,75.91578947,47.18076189,68.03448276,8.823551553,39.81734439
331,2018-11-28,5.466129032,0.897379032,11.65866935,0,1.690322581,55.45,45.79887338,101.7586207,6.508227798,35.74899698
332,2018-11-29,4.6826,-0.691417166,10.85369261,0,1.228685259,55.47340426,44.73183084,86.03448276,6.198189091,34.1976205
333,2018-11-30,4.513279678,-0.555241935,11.19657258,0,1.347188755,60.01578947,44.05509227,69.62068966,5.876623808,33.86450118
334,2018-12-01,5.1964,0.864328657,11.55430862,0,1.3876,62.63473684,44.77452058,49.55172414,6.538984801,35.21831033
335,2018-12-02,8.473306773,1.3716,14.8992,0.642970297,1.7944,72.81789474,48.85880231,47.37931034,9.590312495,41.71137182
336,2018-12-03,12.06793587,8.859879032,15.06209677,8.156324111,1.409475806,93.05263158,53.88573833,33.75862069,13.66342752,48.83824776
337,2018-12-04,9.455577689,4.2124,13.5694,11.51501976,2.692430279,79.10526316,50.05202631,32.42307692,10.06713839,43.6592233
338,2018-12-05,3.389820359,-0.873453094,7.390618762,0.201581028,2.203386454,55.97684211,42.91960532,25.51851852,3.849991102,31.63815343
339,2018-12-06,3.688223553,1.12,7.1144,2.847534517,2.423353293,73.70210526,41.43917545,26.44,3.997228976,32.23732262
340,2018-12-07,-3.512524851,-6.524652087,2.510735586,0.135502959,4.050501002,46.06947368,35.26490044,19.81481481,-5.027136704,17.96685345
341,2018-12-08,-5.313293651,-8.517097416,-1.362823062,0.249011858,2.735341365,49.00315789,32.4111357,18.25,-6.013129322,14.40271006
342,2018-12-09,-4.816898608,-9.070717131,0.086653386,0.067326733,2.124698795,44.25684211,33.95909457,18.4137931,-4.855447249,15.38334147
343,2018-12-10,-1.9888,-7.6796,5.0094,0.002970297,1.608870968,48.40315789,36.81440484,23.65384615,-1.235787646,20.98492548
344,2018-12-11,0.561477046,-3.0004,3.0946,2.132277228,1.604646465,79.29473684,35.85641857,26.73076923,1.445392195,26.04899308
345,2018-12-12,-1.095029821,-4.850898204,3.37005988,0.15049505,2.473092369,61.36,35.97335465,29.51851852,-1.204955057,22.76068015
346,2018-12-13,-0.623505976,-5.450698603,4.450698603,0.28950495,2.589537223,62.15473684,36.52316968,29.28571429,-0.795015848,23.69467089
347,2018-12-14,-2.950398406,-7.096215139,2.376693227,0.064484127,2.118108652,57.75684211,33.96393249,23.81481481,-2.853479203,19.08535687
348,2018-12-15,-2.003006012,-8.075903614,5.125100402,0,1.268623482,56.01789474,35.5561848,30.92592593,-0.761068542,20.96037651
349,2018-12-16,0.88,-3.205210421,4.486573146,0.864752475,1.447283702,74.27578947,37.03845278,31.14814815,1.974275591,26.67730962
350,2018-12-17,2.621713147,-1.2996,7.0322,0.068650794,2.495967742,62.27684211,41.13439218,49.13793103,2.790826442,30.12026215
351,2018-12-18,2.127345309,-3.065863454,8.026907631,0,1.94534413,63.36842105,40.29604997,33.32142857,2.733039101,29.14192687
352,2018-12-19,4.8812749,-0.687975952,11.05611222,0.015841584,1.757429719,65.88947368,44.01572181,53.75,5.828409639,34.59589236
353,2018-12-20,3.899601594,-0.329482072,10.28565737,1.04950495,1.194011976,70.03789474,42.14714521,53.75862069,5.437091374,32.65412897
354,2018-12-21,5.165940594,-0.923809524,12.08690476,0.013806706,1.206772908,72.03157895,43.86779358,55.46428571,6.724348069,35.16241722
355,2018-12-22,6.304733728,1.153861386,12.62970297,0.281262327,1.303373016,72.12,45.59517854,53.24137931,7.784102326,37.41726918
356,2018-12-23,4.618934911,-0.731818182,9.500197628,1.339842209,2.88083004,54.78315789,44.71244012,38.06896552,4.692523968,34.07123921
357,2018-12-24,-0.920866142,-5.015810277,4.517786561,0.000982318,2.127865613,50.29157895,37.90391569,19.72413793,-0.694475322,23.10032208
358,2018-12-25,0.495266272,-5.383201581,5.375889328,0.031434185,1.550592885,58.61789474,38.60621825,25.93103448,1.441820708,25.90817763
359,2018-12-26,1.712648221,-1.993267327,6.068910891,0.037524558,2.567920792,46.79052632,41.78954334,34.34482759,1.752189115,28.31303503
360,2018-12-27,-5.46547619,-8.634791252,-1.281908549,0.013752456,4.087450199,34.05263158,35.16091088,19.51724138,-7.234096895,14.09436188
361,2018-12-28,-7.42173913,-11.09287129,-3.164752475,0.394674556,3.15805169,48.17894737,29.8588432,24.71428571,-8.69660317,10.22760063
362,2018-12-29,-5.562721893,-9.777272727,-1.240711462,0.151574803,3.128968254,45.71578947,32.73922556,26.17241379,-6.631086143,13.90729707
363,2018-12-30,-5.288118812,-9.721230159,0.258928571,0.098814229,2.07749004,50.45789474,32.15955413,22.57142857,-5.304572038,14.45323996
364,2018-12-31,-3.697029703,-9.783531746,2.945039683,0,1.697813121,49.53789474,34.40837062,28.77777778,-3.148069467,17.603164
365,2019-01-01,-2.655029586,-6.584980237,1.659486166,0.036489152,2.730891089,58.01263158,34.32876971,26.21428571,-3.119095724,19.67030736
366,2019-01-02,-3.147035573,-7.526336634,2.441980198,0.00295858,2.256944444,54.32842105,34.28929959,24.07407407,-3.208867356,18.69440392
367,2019-01-03,-2.695454545,-8.1986,4.2666,0,1.7356,50.34421053,35.57402446,24.92857143,-2.14113091,19.58666178
368,2019-01-04,-0.808333333,-7.283366733,4.959318637,0.099409449,1.507014028,54.27021277,37.4503122,38.53571429,0.134246083,23.325007
369,2019-01-05,-0.525246548,-5.3072,4.6348,0.078895464,2.3066,51.62553191,38.22364952,47.34482759,-0.441286157,23.88427583
370,2019-01-06,-1.745725646,-6.45511022,4.781563126,0,1.761923848,48.58526316,37.09858585,30.4137931,-1.171347419,21.46629829
371,2019-01-07,-1.101593625,-6.725955734,4.925955734,0,1.854819277,54.42947368,37.03069873,38.48275862,-0.598102615,22.74442647
372,2019-01-08,-1.305168986,-5.650398406,3.696215139,0,2.945219124,48.37894737,37.6995109,36.75862069,-1.821395735,22.33850351
373,2019-01-09,-3.446942801,-8.590909091,2.140909091,0.012156863,1.778811881,42.83473684,35.92088497,32.92592593,-2.988471838,18.09518558
374,2019-01-10,0.219284294,-3.857455268,4.632604374,0.000982318,2.095833333,52.30526316,39.1115179,32.03448276,0.555114952,25.35876638
375,2019-01-11,1.78015873,-3.357057654,7.49582505,0.119921105,1.406944444,64.16631579,39.69698506,54.17241379,2.963442101,28.45487245
376,2019-01-12,2.598418972,-0.886930693,7.159405941,1.617681729,1.473267327,78.36105263,39.21487582,55.57142857,3.733867956,30.08169926
377,2019-01-13,0.993491124,-3.492094862,7.591106719,0.050980392,1.587179487,72.88829787,37.3985986,70.4137931,1.919360164,26.90136993
378,2019-01-14,0.692110454,-4.263438735,6.823320158,0.009803922,1.296252465,70.86105263,37.21301133,99.13793103,1.984224248,26.30368339
379,2019-01-15,0.296633663,-4.684356436,5.27009901,0.019607843,2.999604743,61.54736842,37.91974409,87.75862069,-0.110152335,25.51626192
380,2019-01-16,-3.68972332,-8.459405941,1.098019802,0.004892368,2.68111332,48.88631579,34.53484886,34.27586207,-4.199661306,17.61732439
381,2019-01-17,-0.075739645,-4.427075099,4.749209486,0.000978474,2.667920792,55.83684211,38.21211475,32.31034483,-0.265163696,24.77627882
382,2019-01-18,0.080314961,-5.94122288,7.29270217,0,1.558858268,57.01578947,38.25713151,44.10714286,0.997088598,25.08582104
383,2019-01-19,2.483431953,-2.911264822,8.640909091,0.305283757,1.253937008,64.01914894,40.73081486,57.10344828,3.895231816,29.84728427
384,2019-01-20,0.863636364,-3.620792079,5.036831683,0.12739726,3.5312749,50.94315789,40.15023788,39.62068966,0.162498626,26.63394328
385,2019-01-21,-0.221188119,-6.082539683,5.28968254,0.000391389,2.806175299,54.31578947,38.23474106,29.27586207,-0.531839994,24.48757595
386,2019-01-22,1.658613861,-4.17281746,8.173611111,0.010980392,2.08201581,59.37446809,40.12787352,52.06896552,2.10483606,28.21196145
387,2019-01-23,2.256521739,-3.098415842,8.74950495,0,2.411264822,55.07553191,41.48234498,58.82142857,2.463042036,29.39379854
388,2019-01-24,-0.118737673,-5.82055336,7.243873518,0,1.728853755,45.3606383,39.66392964,29.13793103,0.583957788,24.68621891
389,2019-01-25,-0.966732283,-5.892307692,4.792110454,0.099804305,2.736956522,47.39157895,38.28638286,32.89285714,-1.288577789,23.00814412
390,2019-01-26,-2.477120316,-6.941897233,2.883992095,0.000978474,3.051984127,42.20315789,37.2235122,33,-3.186001109,20.01513726
391,2019-01-27,-0.659566075,-8.103754941,6.349011858,0,1.99009901,52.48947368,37.91701601,27.17241379,-0.275350588,23.61872922
392,2019-01-28,1.85540275,-3.605128205,6.420315582,0.073385519,3.18816568,49.58105263,41.62351463,57.72413793,1.471163287,28.59700054
393,2019-01-29,-0.490373281,-6.918307087,7.18996063,0,1.47524558,50.31263158,38.46383882,56.17241379,0.508504042,23.95270784
394,2019-01-30,2.756078431,-3.358153242,8.936149312,0.033268102,1.629273084,49.41157895,42.81477139,46.96551724,3.720845777,30.38025874
395,2019-01-31,-0.461100196,-4.793688363,4.002761341,4.328937008,2.745238095,65.73368421,36.22652483,45.66666667,-0.745362889,24.01791644
396,2019-02-01,-1.899411765,-7.349409449,3.506889764,0.003960396,2.628853755,57.09157895,35.52382056,30.82142857,-2.211151585,21.16599775
397,2019-02-02,1.807647059,-5.074852652,7.858742633,0.036862745,1.929076621,64.43191489,39.70348489,46.37931034,2.40925641,28.50942418
398,2019-02-03,5.520866142,2.458661417,9.299212598,15.05940594,2.549212598,89.30210526,42.88264772,34.14814815,5.88737271,35.87328695
399,2019-02-04,1.591518738,-2.256916996,5.847035573,0.000988142,2.691252485,43.01789474,42.11536271,67.65517241,1.526973349,28.07142551
400,2019-02-05,2.481692913,-4.225641026,10.15364892,0,1.481459566,50.76315789,42.29822752,83.5862069,3.602272163,29.83761065
401,2019-02-06,5.107072692,-1.27480315,11.96535433,0,1.432480315,61.65789474,44.7370743,69.27586207,6.395859586,35.04098314
402,2019-02-07,1.265490196,-4.584675835,6.870333988,0.672156863,3.308251473,55.45684211,40.08950153,42.82142857,0.745325808,27.4317353
403,2019-02-08,-2.69410609,-6.488560158,2.139053254,0.002935421,2.318737673,41.84,37.01871222,22.5862069,-2.784169069,19.58533474
404,2019-02-09,-2.52254902,-5.355424063,0.950295858,0.084148728,3.090335306,40.59684211,37.43755238,26.37931034,-3.265344564,19.92443346
405,2019-02-10,-2.207874016,-7.052673267,2.181782178,0.029354207,1.971881188,44.85789474,37.11644136,28.5862069,-1.90288599,20.54949266
406,2019-02-11,-1.520158103,-5.681746032,3.113888889,0.044031311,2.755952381,43.77894737,38.14942834,27.4137931,-1.90589576,21.91066306
407,2019-02-12,-0.412007874,-6.103353057,5.233333333,0,1.759645669,50.78421053,38.49698892,46,0.239153977,24.10809299
408,2019-02-13,-0.510805501,-4.948126233,4.550295858,0.008806262,2.362795276,43.23578947,39.48488737,43.68965517,-0.476810638,23.90892593
409,2019-02-14,-0.138235294,-4.713948919,5.588998035,0.021526419,1.646561886,51.4,38.767487,32.37037037,0.660332504,24.65045212
410,2019-02-15,1.351960784,-2.275787402,4.902165354,0.300588235,2.104133858,64.43684211,39.04306904,33.44827586,1.756910494,27.60716767
411,2019-02-16,-1.047834646,-4.322485207,2.654635108,0.04109589,3.091913215,58.05052632,36.54783788,43.27586207,-1.649553181,22.85257115
412,2019-02-17,-0.882778865,-6.258627451,5.353921569,0.000978474,2.439019608,50.27894737,37.95564624,31.5,-0.945726528,23.17572895
413,2019-02-18,1.675294118,-4.914931238,7.002554028,0.419765166,1.380314961,50.56421053,41.26493438,28.5862069,2.888871851,28.24084753
414,2019-02-19,2.730511811,0.160749507,5.663313609,13.45128713,1.902165354,89.62210526,38.11842426,23.61538462,3.414952991,30.34853578
415,2019-02-20,2.280632411,-0.989285714,6.124404762,0.005952381,2.360990099,69.46021505,39.78279236,41.86206897,2.529582187,29.44829847
416,2019-02-21,2.0256917,-2.957029703,8.43049505,0,1.547035573,68.63052632,39.50298546,55.82142857,3.048075922,28.94312591
417,2019-02-22,3.322003929,-1.920907298,10.20552268,0.177932406,1.474015748,67.24526316,41.58630193,52.27586207,4.48795831,31.50917305
418,2019-02-23,4.442519685,-1.569230769,12.33648915,0.008823529,1.647826087,63.63894737,43.59697251,47.96428571,5.47312229,33.72609928
419,2019-02-24,5.183234714,-1.592490119,13.18577075,0,1.681854043,61.62842105,44.84795816,44.20689655,6.218551977,35.19177009
420,2019-02-25,4.898814229,-0.236039604,11.59207921,0,1.927075099,59.52,44.64329601,50.93103448,5.693668519,34.62762657
421,2019-02-26,4.629585799,-1.991106719,11.78833992,0,1.718972332,54.54842105,44.74965258,43.39285714,5.599642506,34.09221764
422,2019-02-27,6.485854617,2.661023622,11.35649606,0.509607843,1.475296443,66.42526316,46.31989315,43.20689655,7.787800726,37.77321202
423,2019-02-28,5.774851485,0.624652087,12.36998012,0.060157791,1.742031873,64.5606383,45.4364566,76,6.785503246,36.36454944
424,2019-03-01,5.100394477,-0.850690335,12.65483235,0,1.738461538,58.89368421,44.9832948,91.60714286,6.077423093,35.0264611
425,2019-03-02,6.208661417,-0.982248521,13.53865878,0.130136986,1.455335968,58.52947368,46.55685889,77.62962963,7.519202569,37.22065846
426,2019-03-03,7.707283465,1.716141732,13.94350394,0.430919765,1.446456693,57.21263158,48.72693759,69.96153846,9.090207686,40.1873112
427,2019-03-04,7.674212598,2.638613861,14.01564356,0.175984252,1.908747515,59.69789474,48.51484318,88.88,8.654937052,40.12299896
428,2019-03-05,7.244094488,0.795059289,13.27470356,0.070645793,1.487549407,63.14526316,47.66650341,123.44,8.567012713,39.27298536
429,2019-03-06,7.551873767,3.455049505,12.9970297,1.483234714,1.804365079,66.20105263,47.89969295,94.33333333,8.608313707,39.88382455
430,2019-03-07,5.553769841,1.184722222,10.99861111,0.698630137,2.496421471,66.49052632,44.9462118,49.89655172,5.958570155,35.92771483
431,2019-03-08,5.065810277,-1.835049505,13.33227723,0,1.640990099,59.19263158,44.90736056,36.10714286,6.13493438,34.95812488
432,2019-03-09,6.916633663,-1.511309524,14.72718254,1.586220472,1.710693069,52.87157895,47.96220157,33.22222222,8.017228756,38.6197843
433,2019-03-10,7.240873016,3.12310757,11.70776892,8.022682446,2.290059642,70.85744681,47.11188302,30.31034483,7.916376551,39.27023157
434,2019-03-11,5.678415842,0.243055556,11.01984127,1.019019608,2.024850895,75.20638298,44.37282992,37.79310345,6.440994052,36.17861037
435,2019-03-12,5.002574257,0.242063492,10.60714286,0.726915521,3.230555556,64.8787234,44.28757795,50.93103448,4.905433112,34.83559003
436,2019-03-13,3.204365079,-1.985487078,8.630815109,0.008823529,3.444930417,41.25531915,44.30477641,31.48275862,2.801814176,31.26403286
437,2019-03-14,4.335445545,-3.058846918,10.76600398,0.022941176,2.034393638,48.80537634,44.92731328,31.57142857,5.002088795,33.50712071
438,2019-03-15,5.063293651,0.361829026,11.47455268,2.919607843,2.646520875,69.32978723,43.96237529,31.81481481,5.3268846,34.95790643
439,2019-03-16,4.840631164,0.286363636,10.13774704,0.140471513,2.248023715,65.80736842,43.96409462,27.77777778,5.369954153,34.51537917
440,2019-03-17,5.762721893,0.307509881,12.23458498,0.009803922,2.001577909,58.31368421,45.95579878,28.10714286,6.549606846,36.33759678
441,2019-03-18,6.544970414,-0.88972332,13.86976285,0.461764706,1.572332016,54.26276596,47.35781766,28.66666667,7.753822127,37.88454492
442,2019-03-19,9.411637081,1.513438735,17.45928854,0,1.839130435,55.99893617,51.13329064,40.71428571,10.54890933,43.56136092
443,2019-03-20,10.64314115,4.446015936,16.45258964,16.66188605,2.331536926,75.15319149,52.0927116,55.03846154,11.54764272,46.00874148
444,2019-03-21,8.8408,3.646693387,14.23086172,2.378853755,3.914629259,75.14891304,49.29208089,25.21428571,8.830738417,42.44010399
445,2019-03-22,4.413582677,0.739447732,9.513806706,0,3.142800789,53.89574468,44.5228564,35.10344828,4.308667613,33.6642247
446,2019-03-23,3.50492126,-1.026679842,9.386956522,1.131237721,3.031683168,54.25368421,43.2632428,22.32142857,3.380045958,31.86524333
447,2019-03-24,3.952952756,-2.512623274,10.33944773,0,2.449802372,52.18736842,44.08141065,23.24137931,4.263060304,32.75137452
448,2019-03-25,6.455226824,0.168577075,12.49466403,0,2.297821782,59.87157895,46.7932957,37.44827586,7.066981006,37.70948875
449,2019-03-26,9.618934911,2.605928854,17.47549407,0,2.111660079,55.75473684,51.42779164,44.37931034,10.58213974,43.97169585
450,2019-03-27,11.7790099,4.423366337,18.04673267,0.057956778,3.399207921,58.33723404,54.30160664,53.13793103,12.29228404,48.2498581
451,2019-03-28,9.73049505,5.728571429,14.92896825,0.386051081,2.073611111,65.01276596,51.14767879,44.89285714,10.72592189,44.1969362
452,2019-03-29,9.656039604,4.353571429,15.79980159,0.023818898,1.852777778,56.63617021,51.43654265,32.89655172,10.79779394,44.04557742
453,2019-03-30,6.531422925,3.043366337,11.34930693,2.503740157,3.267128713,67.79787234,46.27924094,27.06896552,6.567810598,37.86408239
454,2019-03-31,4.517261905,1.343141153,8.401988072,0.149506903,3.907355865,49.02659574,45.14069209,30.42857143,4.014587209,33.86722107
455,2019-04-01,4.972166998,-0.948605578,10.75258964,0.023622047,2.690457256,45.93617021,46.01976579,22.51724138,5.199059498,34.76648066
456,2019-04-02,5.885346535,-0.852380952,12.50178571,0.004911591,2.24019802,45.59468085,47.20366225,24.37931034,6.496534511,36.57441564
457,2019-04-03,6.463438735,-0.918217822,13.51722772,0.011811024,2.259881423,42.99894737,48.13795442,28.51724138,7.102570594,37.7178182
458,2019-04-04,8.817193676,0.411881188,16.52079208,0,2.840711462,40.97684211,51.15911591,32.82758621,9.294319811,42.37730259
459,2019-04-05,10.63690476,4.280753968,17.65079365,0,2.947920792,48.03052632,53.10539932,74.28571429,11.22771435,45.98364578
460,2019-04-06,10.29802372,2.573663366,17.20930693,0.76003937,1.704743083,46.59473684,52.72870552,57.21428571,11.58417381,45.31198648
461,2019-04-07,11.4582,5.883366733,17.7250501,2.882086614,1.743512974,64.98,53.66008498,43.42307692,12.77941782,47.6177766
462,2019-04-08,10.75694444,4.232007952,17.93240557,0.000984252,2.202772277,48.68421053,53.23584704,34,11.74365312,46.22163158
463,2019-04-09,8.885346535,4.353280318,14.80894632,20.80235756,3.415445545,62.04842105,50.08229154,22.33333333,9.091150996,42.5221489
464,2019-04-10,6.742147117,4.231075697,9.694820717,6.617425743,2.5704,83.64736842,45.38279783,11.55555556,7.195462271,38.28876556
465,2019-04-11,8.115705765,2.860358566,13.83386454,0.013833992,1.486427146,72.33578947,48.34155801,19.88888889,9.478033908,41.00309524
466,2019-04-12,9.722970297,3.340079365,16.76428571,0.115384615,1.791451292,58.98105263,51.41867854,30.78571429,10.91323023,44.17920228
467,2019-04-13,10.46118812,3.276785714,17.62757937,0,1.701984127,50.41157895,52.78562019,32.48275862,11.75807723,45.63684592
468,2019-04-14,9.272924901,5.143762376,13.81069307,0.908644401,2.407326733,61.36315789,50.66939554,29.89655172,10.02875737,43.28923199
469,2019-04-15,10.14743083,1.754851485,18.35960396,0,2.198412698,46.58210526,52.53779596,46.32142857,11.09326064,45.01380663
470,2019-04-16,13.09782178,3.671825397,21.88888889,0.024557957,1.7298,41.55052632,56.35530213,37.71428571,14.51755005,50.85321588
471,2019-04-17,14.11232604,7.243141153,21.64831014,0.322200393,1.800398406,50.27234043,57.56569004,34.15384615,15.54670273,52.86603357
472,2019-04-18,13.63735178,7.258415842,19.73089109,0,2.324356436,65.77789474,56.82067526,28,14.77131662,51.93287213
473,2019-04-19,12.20474308,8.222222222,17.15873016,0.010805501,1.978174603,71.74631579,54.59500772,32.32142857,13.42124658,49.09911207
474,2019-04-20,13.79940711,6.879009901,20.55405941,0.068897638,1.813861386,67.33263158,57.04754236,33.24137931,15.20818242,52.25447242
475,2019-04-21,15.26909449,10.40217822,21.15029703,0.048133595,1.482178218,71.67578947,59.25313022,31.17241379,16.94848314,55.16649471
476,2019-04-22,16.65940594,9.291848907,24.56202783,0,1.729224652,67.40315789,61.27214327,48.72413793,18.2729303,57.91730325
477,2019-04-23,16.53905325,11.55355731,21.59683794,6.270333988,1.914031621,75.69789474,61.26635216,40.03571429,18.06000308,57.68290345
478,2019-04-24,16.7183432,13.38735178,21.74051383,5.644094488,1.572727273,87.53368421,61.81238107,26.2962963,18.41302689,58.04346036
479,2019-04-25,12.70532544,9.585573123,16.55652174,5.008464567,2.069108911,84.08631579,55.14357613,39.37037037,13.90275952,50.09606495
480,2019-04-26,8.725494071,6.60019802,11.16851485,5.171062992,2.332936508,85.62947368,48.51951416,14.14285714,9.484323294,42.21672411
481,2019-04-27,10.7243083,4.375049505,17.02653465,0.039370079,1.790818363,65.71368421,52.56649759,15.25,11.97185321,46.16501587
482,2019-04-28,11.42741617,7.425098814,16.34683794,0.212204724,1.542178218,68.18421053,53.51964156,18.42307692,12.89227363,47.5583306
483,2019-04-29,11.30455446,7.634126984,14.80297619,15.83005894,1.537176938,85.58210526,52.79637699,17.96,12.7675398,47.32324141
484,2019-04-30,13.89151874,8.891501976,19.97371542,0.143614931,1.583003953,80.62105263,57.1108134,22.39285714,15.44453014,52.443099
485,2019-05-01,14.32612967,9.014173228,20.84980315,0.030451866,2.156410256,69.55,57.82269998,48.92592593,15.58962234,53.29842524
486,2019-05-02,14.95511811,7.56035503,22.93175542,0,2.254832347,52.85789474,58.6808777,56.62068966,16.21847215,54.53597707
487,2019-05-03,15.74271654,7.033858268,24.92716535,0,1.752755906,51.69684211,59.71605441,44.82758621,17.294335,56.09487626
488,2019-05-04,16.77322835,8.347337278,25.43353057,0,1.457593688,55.84210526,61.1737525,55.07142857,18.53188118,58.13723792
489,2019-05-05,17.47199211,9.875098814,25.99130435,0,1.753162055,49.56736842,61.93798256,48.92857143,19.1189714,59.51784104
490,2019-05-06,12.84793713,7.272834646,19.04035433,0.068958743,3.012795276,50.77684211,55.90427964,35.53571429,13.61806341,50.36278064
491,2019-05-07,12.86856582,4.518934911,20.72938856,0.000982318,2.16765286,48.08829787,55.97330323,35.55555556,14.02431362,50.40236181
492,2019-05-08,14.52209073,6.361067194,21.66363636,0,2.201188119,42.99578947,58.09594428,37.60714286,15.7783729,53.67394767
493,2019-05-09,15.65138889,9.641782178,22.77069307,0,2.084920635,41.81595745,59.47727342,37.25,17.03889934,55.9094035
494,2019-05-10,16.28452381,7.627037773,25.23558648,0,1.578286853,47.45578947,60.35495623,38.46428571,17.9554909,57.16566136
495,2019-05-11,17.23562992,9.302761341,25.81873767,0.043307087,1.444466403,51.38631579,61.68080475,39.60714286,19.02096788,59.05069881
496,2019-05-12,17.47554241,10.26363636,25.17529644,0.080550098,1.656746032,55.17368421,62.11083408,36.10344828,19.16648983,59.5275056
497,2019-05-13,17.02554455,10.88492063,23.36765873,0.090569745,1.714342629,63.49255319,61.71310939,38.39285714,18.66592327,58.64041972
498,2019-05-14,18.57905138,12.63366337,25.59089109,0.17519685,1.535247525,67.32315789,64.1047441,38.11111111,20.37924161,61.71816362
499,2019-05-15,19.07480315,12.80295858,26.38658777,0.007858546,1.465483235,64.95894737,64.7283445,41.18518519,20.92809807,62.69864094
500,2019-05-16,20.32200393,13.5734252,27.83996063,0,1.595275591,61.73684211,66.35315661,42.51851852,22.18079533,65.1665841
501,2019-05-17,20.0887574,13.86205534,26.24703557,4.943614931,1.784387352,63.65789474,66.12901378,35.78571429,21.86981661,64.70565886
502,2019-05-18,18.59503968,15.64325397,21.80615079,28.15948617,3.082539683,80.04787234,64.65122069,20.26923077,19.89088222,61.75580107
503,2019-05-19,18.84743083,16.09623762,21.94792079,8.824015748,2.381584158,86.31578947,65.32888671,15.08,20.35625398,62.25848146
504,2019-05-20,15.88636364,10.51683168,19.9439604,2.840471513,3.255841584,64.29894737,60.08582202,28.76,16.868114,56.38522051
505,2019-05-21,15.86003937,8.259763314,22.93885602,0,2.764426877,51.44631579,59.86762061,36.96428571,16.99774306,56.32705772
506,2019-05-22,17.99861933,9.624901186,25.81620553,0,2.424158416,50.80736842,62.66660656,43.86206897,19.42822734,60.56114574
507,2019-05-23,19.64901575,11.82149901,27.67001972,0,1.957114625,54.99894737,65.04953759,51.46428571,21.34675293,63.83090069
508,2019-05-24,21.72336634,13.2219802,30.21683168,0,1.97029703,56.7893617,67.98824348,61.17241379,23.54842811,67.93895635
509,2019-05-25,21.67766798,15.44752475,28.68673267,0,1.90970297,55.19368421,67.8112708,48.62068966,23.51524943,67.84772364
510,2019-05-26,21.93944773,15.28675889,28.79980237,0.32519685,2.377623762,54.76210526,68.13433004,33.75,23.68734633,68.3658447
511,2019-05-27,17.74055666,14.53240557,21.09821074,30.55522682,3.489442231,86.22315789,63.48344281,19.18181818,18.85013195,60.06682707
512,2019-05-28,16.75836653,11.15119522,22.8876494,0.001976285,2.599800399,56.33157895,61.16471105,18.96,18.02952403,58.10804158
513,2019-05-29,18.4750495,10.3770297,26.12930693,0.000982318,2.15988024,52.50105263,63.35973908,33.96428571,20.02726613,61.50527351
514,2019-05-30,19.23577075,11.66679842,26.17549407,0.051473477,2.140277778,49.89473684,64.24768776,33.75862069,20.84740114,63.01027661
515,2019-05-31,17.40610236,13.21301775,22.81597633,0.858858268,2.239207921,64.50315789,62.29020217,20.33333333,18.85425054,59.39439916
516,2019-06-01,17.73451677,11.51146245,24.106917,0,1.617857143,64.71684211,62.77289718,26.32142857,19.45660496,60.04476011
517,2019-06-02,19.29114173,12.45207101,26.63609467,0,1.425296443,58.734375,64.74403539,28.5,21.17129894,63.12406579
518,2019-06-03,20.67814961,12.78425197,28.40531496,0.001964637,1.486193294,57.87916667,66.62123762,34.88888889,22.59281489,65.86993943
519,2019-06-04,21.62677165,14.89861933,28.91341223,0.009823183,1.745364892,62.89895833,68.29011795,35.77777778,23.50554564,67.75057038
520,2019-06-05,21.55834971,15.84035433,28.56496063,0.000982318,1.55,68.51145833,68.5873651,33,23.491408,67.6177328
521,2019-06-06,20.20098425,16.05601578,25.71025641,21.9546169,1.887771203,80.95520833,67.27641385,39.88461538,21.9550122,64.93599777
522,2019-06-07,18.01031746,15.85434783,21.05948617,24.49487179,2.688118812,89.7625,64.05716574,15.63157895,19.35959362,60.60261695
523,2019-06-08,19.26976285,14.55,24.79071146,0.159960552,1.530434783,77.59479167,65.61526171,21.83333333,21.10383591,63.09059999
524,2019-06-09,18.97751479,15.15739645,24.19822485,2.150393701,1.779881657,76.07083333,65.08564793,22.26923077,20.6975037,62.51123258
525,2019-06-10,17.48379447,14.43083004,21.56027668,3.663188976,1.810474308,76.571875,62.76588794,14.94736842,19.10637492,59.55390182
526,2019-06-11,17.83234127,13.86257426,22.90475248,0.636345776,1.586336634,73.52,63.21007036,15.1,19.57388884,60.24259011
527,2019-06-12,18.80966469,13.30217391,24.94822134,0.006876228,1.474505929,73.23510638,64.70073336,22.16666667,20.64747192,62.17755659
528,2019-06-13,20.21538462,13.81205534,26.89525692,0,1.51913215,70.27234043,66.68928251,23.04,22.09715346,64.95948954
529,2019-06-14,19.35443787,15.86976285,24.09762846,5.451377953,1.390711462,79.04270833,65.81927654,25.34615385,21.25254206,63.25893706
530,2019-06-15,19.38478261,15.12391304,25.16067194,3.926968504,2.379644269,75.87708333,65.71277257,24.2,20.93556373,63.31753179
531,2019-06-16,19.29663366,14.34365079,25.00496032,0.695472441,1.838095238,74.41458333,65.50490229,20.52380952,21.0135399,63.14230951
532,2019-06-17,20.20787402,15.72919132,25.62820513,0.005905512,1.671343874,72.39791667,66.79925486,21.18518519,22.03403338,64.94561757
533,2019-06-18,19.9812749,16.30099602,24.48705179,3.954133858,1.609960159,78.32604167,66.778245,24.62962963,21.81800048,64.49973754
534,2019-06-19,20.9758,17.40320641,25.96352705,0.986444008,1.526452906,77.91473684,68.32839761,27.22222222,22.88960585,66.46870393
535,2019-06-20,22.04122288,17.11501976,27.7416996,0,1.502173913,73.01770833,69.64491412,26.61538462,24.01099469,68.57593962
536,2019-06-21,21.42721893,17.18675889,27.07509881,1.274705882,1.718774704,74.22395833,68.78711005,25.23076923,23.30273456,67.36077875
537,2019-06-22,20.73909627,16.07716535,26.38641732,1.280784314,1.883661417,71.6875,67.56602172,18.44,22.52685681,65.99710373
538,2019-06-23,20.65314961,15.46370809,26.49664694,0.348722986,1.707874016,69.30729167,67.28910572,16.9047619,22.49047818,65.82581065
539,2019-06-24,21.47033399,16.24547244,27.49311024,0.094117647,1.520866142,70.95104167,68.62606293,18.26086957,23.40856287,67.44460829
540,2019-06-25,22.49194499,16.21141732,29.24311024,0.014705882,1.597834646,68.875,70.00576428,23.22222222,24.45587499,69.46642233
541,2019-06-26,20.88622047,17.17159763,24.57495069,35.72062868,1.609270217,85.82315789,68.69108884,24.29166667,22.76787122,66.29505342
542,2019-06-27,23.06205534,19.84237624,28.04673267,8.007889546,1.47960396,86.53645833,72.36306633,19.34782609,25.08317862,70.6035417
543,2019-06-28,22.7199211,19.51422925,27.37529644,1.100196464,1.492094862,81.62916667,71.3907867,23.44,24.72272615,69.9238095
544,2019-06-29,21.25049505,19.13425743,24.28475248,28.42573674,1.621386139,91.76458333,69.69598953,20.08333333,23.14631208,67.01910955
545,2019-06-30,22.7083004,19.25584158,27.27643564,0.062598425,1.737029703,82.371875,71.43274548,22.18518519,24.64849131,69.90114956
546,2019-07-01,22.10710059,18.75948617,26.29071146,1.070333988,1.457623762,80.74583333,70.33215429,26.8,24.09317303,68.71000971
547,2019-07-02,22.29371316,17.61456693,27.99192913,0.005905512,1.56003937,74.30520833,70.13199898,23.75,24.25838178,69.07647551
548,2019-07-03,21.92114625,17.43861386,27.38514851,0.214145383,1.223168317,77.80625,69.81529634,25.48148148,23.97799717,68.3404385
549,2019-07-04,23.10355731,17.29564356,30.01623762,0,1.403564356,71.03125,71.10305077,27.11111111,25.14626613,70.67842817
550,2019-07-05,23.91023622,17.82169625,31.01637081,0.091176471,1.338658777,68.69157895,72.10447115,29.59259259,26.00034912,72.27455276
551,2019-07-06,24.19605523,18.16745562,30.46331361,0.067779961,2.137475345,65.62,72.23382166,28.25,26.15202943,72.83903075
552,2019-07-07,22.61321499,18.85364892,27.53727811,0.520472441,2.584418146,67.52631579,70.07761324,19.69230769,24.37585828,69.70590305
553,2019-07-08,21.67035573,18.1609901,26.40039604,1.234246575,2.125793651,71.42736842,68.96265364,15.4,23.45419578,67.84087521
554,2019-07-09,21.78323471,17.47948718,26.31341223,0.458121331,2.011881188,71.13541667,69.11269436,14.65217391,23.60189825,68.06423838
555,2019-07-10,20.41794872,18.43155819,22.95325444,21.32215686,2.601383399,84.94479167,67.86197741,12.45,21.99427711,65.36746251
556,2019-07-11,21.26027668,19.01282051,24.58303748,8.661493124,2.179051383,86.3375,69.34659708,10.23529412,23.00272327,67.03592645
557,2019-07-12,22.09428008,18.58498024,26.93162055,0.293150685,1.626035503,78.740625,70.15965997,14.92,24.03088964,68.68368265
558,2019-07-13,22.21397638,19.09783465,26.64330709,3.417221135,1.215581854,81.7875,70.58428174,23.69230769,24.28253423,68.92211335
559,2019-07-14,23.02559055,19.21122047,28.12716535,1.984735812,1.355992141,81.07708333,71.8384979,27.39285714,25.07818599,70.52877552
560,2019-07-15,22.4061144,19.65207101,26.66035503,8.486105675,1.291141732,85.24479167,71.16799254,26.96,24.45568078,69.30417156
561,2019-07-16,22.93405941,19.46778656,27.79960474,3.8481409,1.384615385,82.246875,71.78920669,22.52,24.97519275,70.34809366
562,2019-07-17,23.56588235,19.78683694,28.01748527,3.58962818,1.439096267,80.45,72.65317954,26.03571429,25.6185574,71.59825856
563,2019-07-18,23.6497053,20.68526523,27.64381139,15.13405088,1.512745098,85.31157895,73.23088315,27.88888889,25.68894577,71.76651295
564,2019-07-19,24.73772102,21.21532417,28.4762279,28.20567515,2.154901961,86.19479167,75.12109965,20.12,26.72890868,73.92119917
565,2019-07-20,24.42944664,22.63596838,26.77450593,55.43823529,3.864229249,89.509375,74.93598971,11.94444444,26.21263743,73.31237375
566,2019-07-21,24.04260355,22.1199211,26.9964497,16.81411765,2.489920949,90.73645833,74.39644822,17.86363636,25.93666879,72.54700117
567,2019-07-22,25.69485149,22.41111111,30.30535714,2.303131115,1.938170974,82.03854167,76.25020287,27.53571429,27.77534511,75.81436406
568,2019-07-23,26.44201183,22.96574803,31.26870079,0.228599606,1.939173228,80.03229167,77.22393843,20.84,28.56896023,77.29279861
569,2019-07-24,25.56343874,23.70039526,28.46482213,0.904518664,1.896633663,85.4375,76.41117822,18.57142857,27.64049468,75.55576432
570,2019-07-25,25.5780198,23.90039683,28.13009901,14.15187377,1.800596421,91.15263158,77.0652575,19.73076923,27.66722831,75.58732094
571,2019-07-26,25.4298,23.8088,27.9452,26.92055336,1.945875252,90.57604167,76.74873722,18.84210526,27.49287663,75.29357474
572,2019-07-27,26.20139442,23.74800797,29.84661355,11.51577909,1.546706587,89.50105263,77.94049753,21.35,28.35210932,76.82082645
573,2019-07-28,25.832,24.01736527,28.57764471,15.25335968,2.374148297,87.80315789,77.12256705,15.55,27.87967395,76.08862748
574,2019-07-29,26.62712871,23.58115079,30.66210317,0.184282908,2.397415507,80.42947368,77.56845841,15.75,28.73443409,77.6595167
575,2019-07-30,27.10788955,24.00749507,30.75739645,1.452352941,2.872529644,79.61263158,78.23827541,16.08333333,29.23148454,78.61103924
576,2019-07-31,26.94102564,24.19525692,30.43616601,11.81078431,2.458217822,79.75106383,77.98872565,13.66666667,29.06949351,78.28071377
577,2019-08-01,26.99489194,23.39882122,31.69842829,6.159019608,1.635770751,79.23958333,78.01133556,14.04545455,29.17619751,78.38712866
578,2019-08-02,27.51794872,23.18899804,33.1151277,0.080980392,1.168379447,77.06210526,78.56350891,16.875,29.7516964,79.42175765
579,2019-08-03,27.19464286,23.07574553,33.19005964,1.350884086,1.328571429,79.178125,78.32207507,21.625,29.40683253,78.78260658
580,2019-08-04,27.2740519,22.87274549,33.06753507,0.979411765,1.22445328,77.87291667,78.28286366,28.03846154,29.49668125,78.93922303
581,2019-08-05,27.67709163,22.94051896,33.49860279,0.092337917,1.253069307,76.696875,78.76598083,33.33333333,29.9107232,79.73668897
582,2019-08-06,27.08192534,23.10472441,31.94527559,9.288823529,1.822834646,77.02765957,77.87337174,28.875,29.25567488,78.55841518
583,2019-08-07,26.23740157,23.07559055,30.73169291,15.89607073,1.771456693,83.53684211,77.30524461,27.08,28.36704475,76.88931743
584,2019-08-08,26.87120316,23.34871795,32.22642998,2.678039216,1.43964497,81.57157895,78.10101082,27.625,29.06192454,78.14332089
585,2019-08-09,27.36792079,23.38712871,32.62376238,0.38258317,1.363438735,78.51789474,78.51378498,20.91304348,29.58417035,79.12538658
586,2019-08-10,27.81218075,23.70058939,32.65638507,0.055577299,2.371456693,74.57368421,78.69699173,23.19230769,30.01205958,80.00316751
587,2019-08-11,27.50098232,23.87145669,31.39330709,13.39137255,3.687968442,73.61052632,78.09067206,19.07692308,29.63782092,79.38654194
588,2019-08-12,26.69663366,24.38557312,29.88577075,19.84588235,2.44418146,84.45052632,78.16784117,20.5,28.80653402,77.7990264
589,2019-08-13,27.58349901,23.46202783,32.94314115,2.046078431,1.55960396,78.87234043,78.90208324,21.04,29.79808008,79.55239803
590,2019-08-14,27.64475248,23.92653465,32.12514851,1.021764706,2.076482213,77.51473684,78.8221117,19.25,29.84165336,79.67304183
591,2019-08-15,25.23011811,23.48067061,28.0199211,19.28506876,2.337869822,87.28421053,76.05644388,12.45,27.23541144,74.89665744
592,2019-08-16,25.30590551,22.20590551,29.52933071,1.906679764,2.192307692,80.47263158,75.45088198,18.5,27.33259995,75.04351505
593,2019-08-17,25.01798419,20.91561265,29.70731225,2.050392157,2.034851485,76.84315789,74.60835862,28,27.04371287,74.47172498
594,2019-08-18,24.20749507,20.00750988,29.76343874,1.30019685,1.367128713,74.31473684,73.09090253,25.33333333,26.30232814,72.86576816
595,2019-08-19,24.15861386,19.3986166,29.8284585,0.134577603,1.250992063,77.23157895,73.29585959,25.57692308,26.27813008,72.77035429
596,2019-08-20,25.10395257,20.7452381,30.29781746,0.119607843,1.653692615,75.77894737,74.631088,28.35714286,27.18712642,74.64144219
597,2019-08-21,25.10157171,21.77362205,29.53740157,8.792941176,1.310869565,83.48421053,75.44032146,27.25925926,27.24067056,74.64034956
598,2019-08-22,25.09821429,22.0209901,29.66693069,21.38411765,1.727380952,83.68172043,75.45565889,26.03846154,27.17033253,74.63379469
599,2019-08-23,23.77858546,19.84479371,28.64636542,0.007843137,1.491913215,75.27021277,72.51622375,28.32142857,25.82824273,72.01697621
600,2019-08-24,22.13720472,18.33799213,26.9992126,0.06555773,1.21009901,78.28297872,70.1930365,23.89655172,24.20534892,68.76845835
601,2019-08-25,22.41627451,18.33862745,27.90490196,0.505882353,1.136614173,79.46382979,70.72855661,19.45833333,24.51839128,69.32157153
602,2019-08-26,23.50255906,18.5265748,29.11751969,0.903137255,1.396435644,77.46947368,72.28417381,21.13793103,25.56303188,71.47147758
603,2019-08-27,22.60158416,20.33630952,25.64861111,20.72941176,1.264071856,90.44736842,71.9114222,18.76923077,24.6663949,69.6936469
604,2019-08-28,23.29227723,20.41936759,27.48142292,5.524260355,1.212103175,86.53578947,72.74672109,19.08,25.39481956,71.05938073
605,2019-08-29,21.75770751,19.11363636,25.19565217,11.13865878,1.616435644,87.51789474,70.26015282,23.84615385,23.68027185,68.02139428
606,2019-08-30,21.91558185,17.75601578,27.18540434,0.372352941,1.916403162,73.84526316,69.51353157,19.33333333,23.76606721,68.32755934
607,2019-08-31,21.66338583,16.86279528,27.57854331,0.039411765,1.453137255,74.94210526,69.2032689,16.6,23.63199457,67.82872673
608,2019-09-01,21.25803922,17.31235294,26.05313725,2.417681729,0.958039216,82.69684211,69.0972932,20.12,23.41078748,67.02978516
609,2019-09-02,21.47504912,18.43090551,25.37814961,12.26960784,1.204518664,86.83368421,69.73867351,19.84,23.5253163,67.46140908
610,2019-09-03,21.92244094,19.78208661,24.84783465,12.9154902,1.303339882,91.72526316,70.84779701,16.32,23.95109807,68.34954394
611,2019-09-04,22.75513834,20.79390963,25.73202358,19.06215686,1.564047151,93.01368421,72.38444381,11.95833333,24.74056987,69.99889034
612,2019-09-05,23.46547619,21.15138889,28.2359127,23.16627451,1.418650794,90.90210526,73.42534041,16,25.51896416,71.40436685
613,2019-09-06,24.62287968,21.49921105,28.18145957,7.787279843,2.134516765,86.8893617,75.00007018,17.15384615,26.60880999,73.69413978
614,2019-09-07,24.90787879,21.89038076,28.249499,15.34187867,5.097183099,82.56382979,75.02800382,19.05,26.6614556,74.256405
615,2019-09-08,23.7124,21.16007984,27.30259481,2.475638507,1.258116232,86.28631579,73.42405162,23.45833333,25.81557607,71.89110657
616,2019-09-09,24.0502994,21.68043912,27.74590818,9.761417323,1.570541082,88.50105263,74.19701244,24,26.09583477,72.56118831
617,2019-09-10,24.32902584,21.75674603,28.39980159,21.69096267,1.875848303,84.46947368,74.27247028,22.26923077,26.33444383,73.11117183
618,2019-09-11,23.22524851,20.65626243,27.21192843,8.645383104,1.860678643,85.80526316,72.57149941,19.39130435,25.16755932,70.92632052
619,2019-09-12,20.43320158,18.09664694,22.99763314,4.363850688,2.15960396,81.86210526,67.70439073,12.73913043,22.12254326,65.39621432
620,2019-09-13,21.10118343,16.84831683,26.74613861,0.024606299,1.687673956,75.68723404,68.37987718,14.47826087,22.96868342,66.7159162
621,2019-09-14,21.60972222,17.29345238,26.37083333,0.211198428,1.214741036,81.32234043,69.57257687,15.2173913,23.66012175,67.7254715
622,2019-09-15,22.5649505,18.91857708,27.68023715,0.439173228,1.538369781,80.41473684,71.04239264,15.66666667,24.54824865,69.61639691
623,2019-09-16,21.69486166,17.38871287,27.53663366,0.059921415,1.640079365,74.54842105,69.22385878,16.875,23.6073519,67.89086384
624,2019-09-17,20.58293651,14.95376984,27.09563492,0.007858546,1.715537849,69.47052632,67.19397689,19.52173913,22.41400683,65.68686543
625,2019-09-18,19.99623762,14.4619802,26.67841584,0.01476378,2.105976096,66.07789474,66.12877545,24.6,21.67063056,64.52360711
626,2019-09-19,18.35487078,12.68087649,24.91033797,0.002952756,1.767928287,69.05053763,63.84061403,23.36,20.0446306,61.27509789
627,2019-09-20,18.65128205,14.27771203,23.28579882,0.117647059,1.866600791,72.49263158,64.42668928,20,20.31959442,61.86361
628,2019-09-21,17.4781746,15.62380952,20.30992063,37.87027559,2.582970297,88.13684211,63.10441705,13.80952381,18.81480263,59.54821003
629,2019-09-22,17.30930693,15.70930693,18.99089109,68.88043912,4.635912698,86.43894737,62.77213202,14.44444444,18.11729385,59.21305403
630,2019-09-23,17.49462151,13.57644711,21.96187625,1.217425743,2.010956175,77.34193548,62.80611875,13.47368421,19.03521431,59.57570131
631,2019-09-24,17.17222222,11.94393638,24.31789264,0.001964637,1.295427435,77.69354839,62.30761427,20.40909091,19.0384556,58.93751597
632,2019-09-25,18.03169291,12.48956693,24.44153543,0,1.197830375,79.66808511,63.7349845,23.68181818,19.98259189,60.64019597
633,2019-09-26,19.96844181,15.39861933,25.79171598,0.056862745,1.497035573,79.48947368,66.82152434,23.52173913,21.84763488,64.47487485
634,2019-09-27,20.79115914,16.41748527,26.28762279,4.720156556,1.348818898,80.95806452,68.2276345,24.58333333,22.76208195,66.10454538
635,2019-09-28,21.82259332,18.51355599,26.91650295,1.888454012,1.045759369,85.89157895,70.25013707,24.77777778,23.94587695,68.14910382
636,2019-09-29,21.19253438,17.04715128,27.52907662,1.601761252,1.17480315,81.75473684,68.92766719,30.24137931,23.24652397,66.8996428
637,2019-09-30,20.78055556,15.88500986,27.36646943,1.493137255,1.039285714,82.94787234,68.33536266,36.88888889,22.88524513,66.0844855
638,2019-10-01,20.84770459,17.2096,24.7332,10.43498024,1.245983936,90.18602151,68.90373784,33,22.86179915,66.22084252
639,2019-10-02,20.87171315,19.15756972,22.95776892,87.11420118,2.827,94.54946237,69.22226617,18.95,22.43764158,66.27043028
640,2019-10-03,21.2458,17.9004,25.5348,20.14294235,2.935943775,83.78404255,69.15056413,22,22.82418188,67.0060625
641,2019-10-04,20.54566929,16.47224409,26.08799213,0.061643836,1.364015905,84.23617021,68.03003589,30.58333333,22.50133215,65.6200162
642,2019-10-05,18.00964567,14.53661417,21.7519685,2.482745098,2.22312253,81.28947368,63.75696497,27.09090909,19.50714877,60.59730448
643,2019-10-06,16.71282051,12.56942801,21.36646943,0.058823529,2.065612648,71.61052632,61.4455367,14.86363636,18.17987294,58.02504156
644,2019-10-07,15.32642998,13.44268775,17.6798419,9.881372549,1.517821782,89.52105263,59.49607539,11.71428571,16.98685429,55.28840626
645,2019-10-08,15.14263261,9.521218075,21.00117878,0.039138943,2.438506876,68.75638298,59.04078086,,16.34263543,54.91472807
646,2019-10-09,12.79173228,6.601183432,20.41518738,0,1.506102362,65.32210526,55.59251264,,14.34548782,50.25833131
647,2019-10-10,14.42023576,8.505304519,20.80019646,0.00390625,1.045866142,73.35157895,57.96281108,21.96153846,16.38909687,53.48654204
648,2019-10-11,17.29,11.43392157,23.98,0.041992188,1.814566929,69.73684211,62.26945658,28.74074074,18.89964279,59.16697632
649,2019-10-12,17.23490196,12.87686275,22.52647059,0.025585938,2.966208251,62.69473684,61.99224588,25.77777778,18.43315565,59.05457241
650,2019-10-13,15.28535156,10.30820313,21.56523438,0.001953125,1.921330724,67.88315789,59.24626073,20.54166667,16.72573434,55.19690118
651,2019-10-14,13.98472222,9.030952381,20.3390873,1.33671875,2.095029821,74.21894737,57.28983602,26.03846154,15.25472413,52.62463291
652,2019-10-15,12.85686275,8.151663405,18.32289628,0.7421875,1.860784314,74.39052632,55.54485855,20.68181818,14.18306471,50.39155178
653,2019-10-16,12.96866267,7.950695825,19.73180915,0.0078125,1.338247012,76.61578947,55.68524173,23.08333333,14.65489343,50.61396152
654,2019-10-17,13.76803922,9.298431373,19.63980392,0,1.431434185,77.0787234,56.93596089,24.96153846,15.41672072,52.19694465
655,2019-10-18,15.09394531,10.87573386,19.44481409,4.0421875,1.940820312,82.16382979,59.05441394,17.7826087,16.51286239,54.82462872
656,2019-10-19,15.59179687,11.22304688,21.725,0.290039063,1.580078125,80.14631579,59.83972056,20.09090909,17.22847706,55.80942658
657,2019-10-20,14.64403131,10.19178082,21.681409,0,1.260469667,80.25368421,58.32023942,28.72727273,16.44769689,53.93290123
658,2019-10-21,14.8859375,9.522851563,22.31992187,0,1.526171875,76.66842105,58.69271027,30.68,16.52124092,54.41019041
659,2019-10-22,15.51568627,10.28565815,22.32141454,0.071289063,1.469941061,76.01263158,59.6738422,26.08695652,17.21323404,55.65678476
660,2019-10-23,15.57972441,11.84043393,19.54714004,0.162426614,1.716370809,77.01578947,59.78517815,24.19230769,17.14137145,55.78405175
661,2019-10-24,16.68720472,12.96122047,21.52952756,2.653033268,2.102554028,71.12315789,61.39580654,24.46428571,18.13738363,57.97409324
662,2019-10-25,16.19372549,11.27799607,21.93595285,0.259960938,1.852062868,72.40526316,60.67082348,21.61538462,17.72231037,56.99760694
663,2019-10-26,11.8665362,7.934833659,16.25009785,0.03515625,2.630392157,63.98631579,54.2788809,20.11538462,12.71472048,48.42581525
664,2019-10-27,10.04375,4.828320313,16.76171875,0.017578125,1.777103718,66.58842105,51.53438808,20,11.26264717,44.81792156
665,2019-10-28,11.33033268,4.725244618,17.92818004,0.567382813,1.734901961,70.86,53.29297647,28.57692308,12.65048552,47.36736291
666,2019-10-29,12.50451866,7.573477407,18.09744597,0.522460938,2.130905512,66.91263158,55.14358528,68,13.65451851,49.69039589
667,2019-10-30,10.58742633,4.962082515,17.55992141,0,1.633858268,67.87263158,52.28413422,26.51851852,11.94190716,45.89500426
668,2019-10-31,12.85322896,6.032093933,19.84187867,0.001956947,1.805882353,72.9,55.56271933,62.11111111,14.2123383,50.38365635
669,2019-11-01,13.63307241,8.294520548,20.7332681,0,1.42254902,72.72315789,56.75863384,85,15.28245351,51.92766325
670,2019-11-02,12.96294118,7.327504912,19.48015717,0,1.090588235,78.29052632,55.65170441,57.10344828,14.85922924,50.60342008
671,2019-11-03,13.20901961,8.75745098,19.50843137,1.795694716,1.47627451,76.18510638,56.06750825,45.15384615,14.80241402,51.08966582
672,2019-11-04,11.88786693,7.136986301,18.3297456,0.442773438,1.338943249,75.91368421,54.00778795,22.11538462,13.53361265,48.47365595
673,2019-11-05,11.12261905,6.022420635,18.27361111,0.091976517,1.457852883,75.78617021,52.81701202,29.20689655,12.64012761,46.95840521
674,2019-11-06,10.73745098,5.266470588,17.87647059,0.004882813,1.382941176,71.48602151,52.37385297,33.93103448,12.3020287,46.19375137
675,2019-11-07,9.966011788,4.95108055,16.02750491,0.001956947,2.193909627,65.26808511,51.47871218,33.89655172,10.90167394,44.66337934
676,2019-11-08,7.334055118,2.153740157,14.48011811,0.010763209,1.904733728,59.87684211,48.02568282,32.57692308,8.297119831,39.44957125
677,2019-11-09,8.228235294,1.879019608,16.53921569,0.095890411,1.530784314,61.32736842,49.19075548,32.51724138,9.554773063,41.22072975
678,2019-11-10,9.432405567,3.187549407,15.71521739,7.325440313,1.902766798,72.72021277,50.33193083,30.82142857,10.52499058,43.61034152
679,2019-11-11,11.46633466,7.293413174,16.12714571,1.143110236,2.781836327,72.5212766,53.44956547,25.10714286,12.20909499,47.63742763
680,2019-11-12,9.135294118,4.386247544,15.88546169,0.000978474,1.212598425,74.43473684,49.78725468,28.51851852,10.80704301,43.02286668
681,2019-11-13,8.766862745,3.41611002,13.81237721,3.27925636,2.242632613,74.96421053,49.18756607,27.28571429,9.585736261,42.29362141
682,2019-11-14,3.19408284,-1.180473373,8.167455621,0.058203125,3.020907298,45.19052632,43.85395046,19.92857143,3.046552357,31.24552357
683,2019-11-15,7.096456693,-0.621146245,13.03873518,4.088845401,2.141106719,70.28526316,46.93522292,29.81481481,7.865804184,38.98401833
684,2019-11-16,9.587376726,4.662130178,16.25345168,0.196470588,1.36023622,80.11473684,50.2134604,32.82758621,11.12806014,43.92065984
685,2019-11-17,11.28416834,6.151503006,15.53767535,18.07064579,2.19241517,87.06315789,52.71625454,29.2962963,12.31442014,47.28357299
686,2019-11-18,7.871570577,2.717693837,15.88667992,13.04381139,4.03234127,65.13368421,48.43762881,62.39285714,7.70152325,40.51632257
687,2019-11-19,3.101976285,-0.090891089,6.487128713,0.094520548,3.171769384,57.03684211,42.40790899,25.78571429,2.85098971,31.06872036
688,2019-11-20,2.0658,-2.4978,8.1872,0,1.808817635,55.08210526,41.22306422,19.92857143,2.803491186,29.01617259
689,2019-11-21,5.048915187,-2.27495069,11.94970414,0,1.503740157,56.9,45.09702572,28.85714286,6.257914527,34.92359507
690,2019-11-22,9.086758893,2.925889328,17.02351779,0,1.575590551,66.49789474,50.13315409,31.71428571,10.4142791,42.92303662
691,2019-11-23,10.63511905,4.678174603,17.79126984,0.021442495,1.440594059,76.27578947,52.03790934,24.96551724,12.1462992,45.99338534
692,2019-11-24,12.04444444,6.748412698,18.53571429,2.016992188,1.983168317,79.36421053,54.17030636,25.89285714,13.24776501,48.78530118
693,2019-11-25,5.030708661,2.302559055,9.718897638,2.112695313,2.921372549,69.98723404,43.85234485,20.04166667,5.116969002,34.89369715
694,2019-11-26,7.16627451,2.002554028,12.85088409,0.447265625,1.681372549,73.40106383,46.81585074,21,8.305913541,39.12372203
695,2019-11-27,5.503710938,1.969921875,9.245703125,1.125,2.340784314,65.33297872,44.97517081,25.51724138,6.013466109,35.82805416
696,2019-11-28,4.42421875,0.284570313,9.93515625,1.99296875,2.039726027,72.50842105,42.69076482,28,5.092182705,33.69403208
697,2019-11-29,2.903913894,-1.467906067,9.191780822,0.0703125,1.767843137,62.63404255,41.49615245,22.11538462,3.730859448,30.67918751
698,2019-11-30,5.163921569,-1.714117647,12.14431373,0.166210938,1.299019608,63.77765957,44.62306519,27.11111111,6.608372791,35.15454021
699,2019-12-01,6.017843137,4.082745098,8.189411765,12.3962818,1.522396857,84.38947368,44.13440009,26.75,7.251257788,36.85499246
700,2019-12-02,2.962475442,-0.51237721,6.341650295,0.315264188,3.59265873,57.85957447,42.12262089,18.4137931,2.450815603,30.79289538
701,2019-12-03,1.853333333,-3.066208251,6.126719057,0.364257813,2.037623762,66.95851064,39.45468773,19.55172414,2.35384079,28.6010705
702,2019-12-04,3.486470588,-0.871568627,8.767843137,0.078710938,1.836435644,62.65578947,42.3268942,24.89285714,4.279108608,31.83265999
703,2019-12-05,-0.478388998,-5.063064833,4.204715128,0.008789063,2.985996055,49.27473684,38.63284987,19,-0.948149339,23.97594891
704,2019-12-06,-3.700393701,-8.047337278,1.706311637,0.019215686,2.22826087,46.81473684,34.89316746,20.48148148,-3.772811379,17.5952234
705,2019-12-07,-0.116862745,-6.147058824,5.266078431,0.012352941,2.067779961,62.53723404,37.19016481,29.62068966,0.223844392,24.69800426
706,2019-12-08,0.704117647,-4.051669941,7.229273084,0,1.462007874,68.23010753,37.58904594,33.44827586,1.771905726,26.32622109
707,2019-12-09,3.03444227,-3.283757339,9.502739726,0.110763209,1.675882353,70.7827957,40.7623429,42.62962963,3.963464327,30.94146361
708,2019-12-10,6.684313725,1.966011788,12.81434185,0.464579256,1.501574803,79.20631579,45.62924561,64.74074074,7.968633171,38.17216814
709,2019-12-11,6.81476378,1.408661417,12.72401575,0.168297456,3.07495069,68.82659574,46.62122169,52.17857143,6.980800798,38.42558078
710,2019-12-12,1.054313725,-3.05254902,5.574901961,0,2.437524558,49.16947368,40.63597589,16.46428571,1.145240826,27.01065083
711,2019-12-13,1.607647059,-4.477843137,7.940588235,0.287890625,1.512745098,58.13368421,40.2143159,22.46428571,2.651720817,28.11046401
712,2019-12-14,3.551574803,-0.583300589,8.418467583,0.374559687,2.197843137,62.44526316,42.44271529,29.65517241,4.027853475,31.96146738
713,2019-12-15,4.440667976,-1.663261297,11.92671906,0.003921569,1.42475442,70.31052632,42.93357025,27.42857143,5.710622644,33.72556854
714,2019-12-16,6.905697446,1.139803922,13.75176471,0.126223092,1.365490196,74.23789474,46.35297394,27.55172414,8.338865712,38.60817275
715,2019-12-17,8.146168959,3.523379175,12.20039293,3.670669291,2.1978389,84.61368421,47.62248596,24.79310345,8.949774824,41.06918297
716,2019-12-18,3.783693517,0.952848723,7.604715128,0.29,2.534251969,69.63263158,42.01566395,26.25,4.018472134,32.4244405
717,2019-12-19,1.578473581,-1.903131115,6.041878669,0.04109589,2.605294118,53.59368421,40.75216928,20.10344828,1.578016528,28.05056672
718,2019-12-20,0.461568627,-3.568172888,4.970588235,0.040117417,1.864705882,60.57849462,38.28796107,23.5,1.047082404,25.84237777
719,2019-12-21,0.207058824,-4.348727984,4.598238748,0.062622309,1.525882353,67.91368421,36.89527587,29.48275862,1.171200394,25.3418959
720,2019-12-22,2.971764706,-1.029607843,8.497843137,0.417808219,1.328346457,72.10210526,40.51780623,40.48275862,4.30157385,30.81798211
721,2019-12-23,3.455490196,-1.149901768,8.038113949,0.874363992,1.927559055,74.15368421,41.03171977,37.03448276,4.16058626,31.77672282
722,2019-12-24,1.623921569,-2.413137255,8.173137255,0.007797271,1.35697446,71.72315789,38.51204544,38.78571429,2.866271493,28.14907459
723,2019-12-25,3.339961014,-2.912109375,10.15039063,0.031128405,1.301364522,63.45473684,42.02951089,34.22222222,4.717643896,31.54294653
724,2019-12-26,3.335992218,0.450583658,6.110505837,1.942801556,2.460742188,70.07578947,41.29566146,32.5862069,3.589016586,31.53820021
725,2019-12-27,-0.089083821,-3.803898635,4.322612086,0.03229572,2.639803922,54.98421053,38.31660778,22.65517241,-0.257045925,24.74945661
726,2019-12-28,0.474902724,-4.850980392,6.946666667,0.005836576,1.37061144,62.10421053,38.09575434,32.86206897,1.654966491,25.86949637
727,2019-12-29,3.173879142,-1.85481336,7.169941061,7.304483431,1.677799607,75.74947368,40.41882215,34.17241379,4.108163216,31.21988295
728,2019-12-30,4.653137255,-0.840118577,9.32173913,0.664717349,2.55877712,80.40315789,42.2752462,24.2962963,4.94182351,34.15100125
729,2019-12-31,-4.385098039,-7.329841897,-0.116403162,0.045808967,3.79229249,47.68421053,33.8591391,19.75862069,-5.830298284,16.23991746
