일시,평균기온(°C),최저기온(°C),최고기온(°C),일강수량(mm),평균 풍속(m/s)
2018-01-01,-1.0769230769230762,-5.607495069033532,4.4601577909270205,0.0,1.9638339920948613
2018-01-02,-0.49486166007905213,-5.86106719367589,4.953754940711459,0.0009881422924901185,1.997821782178218
2018-01-03,-2.4371541501976317,-6.161660079051382,2.1436758893280623,0.005928853754940711,2.577865612648222
2018-01-04,-2.4779092702169625,-6.4956607495069045,1.4138067061143986,0.12154150197628459,1.7452569169960486
2018-01-05,-0.9921104536489148,-4.478063241106723,3.713241106719368,0.21284584980237153,2.107312252964428
2018-01-06,-1.5031620553359661,-6.079841897233199,4.484387351778655,0.01383399209486166,2.1891089108910884
2018-01-07,-0.24545454545454495,-6.581027667984192,4.668181818181819,0.7663366336633664,1.2766336633663382
2018-01-08,2.1312749003984077,-0.356287425149701,4.9205588822355315,2.4480158730158728,2.3393999999999964
2018-01-09,-1.9661999999999977,-4.423399999999998,1.0033999999999994,0.9200396825396825,3.8489959839357417
2018-01-10,-5.1235528942115796,-8.8187624750499,-1.3762475049900196,2.262698412698413,3.415863453815262
2018-01-11,-8.65956175298806,-11.814171656686634,-4.758083832335328,1.0119284294234592,3.091967871485942
2018-01-12,-8.862000000000009,-13.871399999999994,-4.045399999999999,0.3079522862823062,2.3104417670682746
2018-01-13,-3.6858283433133723,-8.64071856287425,2.0325349301397195,0.027833001988071572,1.5811623246492978
2018-01-14,-0.29322709163346605,-7.275697211155382,6.138645418326696,0.01881188118811881,1.6432000000000007
2018-01-15,3.9532934131736526,-0.8259481037924148,9.793812375249498,0.03359683794466403,1.7685370741482958
2018-01-16,3.6695825049701796,-1.0764356435643556,7.609306930693064,9.252569169960475,1.3774257425742569
2018-01-17,3.906138613861385,1.1621782178217823,7.499801980198021,3.373122529644269,1.58968253968254
2018-01-18,2.9196850393700777,-0.6728346456692907,6.89153543307087,0.007920792079207921,1.811439842209073
2018-01-19,0.7169625246548322,-3.344378698224856,6.536883629191319,0.0,1.685770750988145
2018-01-20,0.8519762845849801,-4.0155818540433925,6.93491124260355,0.0,1.6312252964426865
2018-01-21,0.6314229249011862,-4.5195652173913095,6.612450592885373,0.0,1.3069306930693085
2018-01-22,2.1463366336633674,-1.5805940594059396,6.625940594059411,1.3291666666666668,2.1031999999999993
2018-01-23,-7.110358565737062,-10.605399999999996,-0.1944,0.10573122529644269,4.066188524590167
2018-01-24,-10.837848605577692,-13.852894211576844,-6.907584830339329,0.1918489065606362,3.54357429718876
2018-01-25,-10.418849206349197,-14.224600000000004,-5.822800000000004,0.034722222222222224,3.423046092184368
2018-01-26,-10.870941883767532,-14.44468937875752,-6.24849699398798,0.029108910891089107,3.369477911646586
2018-01-27,-7.458764940239046,-14.686254980079688,-0.44083665338645356,0.005952380952380952,1.729141716566866
2018-01-28,-3.365737051792833,-6.68087649402391,1.0719123505976094,0.10912698412698413,2.777888446215137
2018-01-29,-6.496414342629475,-9.936182902584484,-2.3379721669980142,0.12336633663366336,3.110179640718561
2018-01-30,-5.0248508946322135,-11.610400000000007,0.6570000000000004,0.25980198019801976,2.071142284569138
2018-01-31,-1.6481999999999997,-6.434869739478954,2.75951903807615,0.07075098814229248,1.612072434607646
2018-02-01,-3.0637450199203204,-8.456374501992038,3.390637450199202,0.004940711462450593,1.783433133732535
2018-02-02,-2.955445544554457,-8.610693069306933,3.6918811881188143,0.0266798418972332,1.8206349206349204
2018-02-03,-5.139999999999994,-8.820606060606066,-1.2125252525252528,0.5946640316205534,3.760851926977687
2018-02-04,-7.670318725099601,-11.108764940239046,-3.6870517928286852,0.6126984126984127,3.6001999999999987
2018-02-05,-7.821713147410362,-12.107753479125241,-3.254671968190859,0.4998019801980198,3.2089820359281425
2018-02-06,-8.508964143426292,-12.71693227091633,-4.041832669322709,0.45992063492063495,3.0524000000000004
2018-02-07,-7.366334661354583,-13.734331337325344,-0.7421157684630731,0.21031746031746032,1.8186372745490986
2018-02-08,-4.245090180360721,-11.282931726907623,3.5078313253012046,0.31746031746031744,1.4883064516129028
2018-02-09,0.7772908366533864,-6.625349301397214,7.550898203592806,0.011857707509881422,1.53605577689243
2018-02-10,0.6982000000000002,-4.607200000000004,5.9118,0.18514851485148515,3.0874251497005987
2018-02-11,-4.2136000000000005,-7.8868000000000045,-0.5003999999999997,0.34325396825396826,3.4318637274549135
2018-02-12,-4.551204819277109,-9.340160642570279,-0.6851405622489968,0.4196039603960396,3.34858870967742
2018-02-13,-1.0776447105788418,-7.829282868525899,4.561553784860558,0.0504950495049505,2.76387225548902
2018-02-14,4.265537848605579,-2.750398406374501,10.577888446215141,0.0,3.1634000000000033
2018-02-15,1.0851778656126478,-3.4398019801980215,6.439999999999997,0.022682445759368838,2.2728712871287122
2018-02-16,0.297826086956523,-5.514455445544551,6.433465346534649,0.0019723865877712033,2.1232604373757464
2018-02-17,-0.9936633663366345,-5.3063366336633635,3.827326732673268,0.0,3.0618290258449337
2018-02-18,0.271881188118812,-4.899009900990101,5.992673267326736,0.04339250493096647,1.4902584493041757
2018-02-19,2.042094861660079,-2.9650197628458486,7.998418972332012,0.23818897637795275,1.5293650793650801
2018-02-20,1.8996039603960393,-4.274455445544552,8.003168316831681,0.0,2.00238568588469
2018-02-21,-0.29168316831683144,-5.0055445544554455,4.638217821782182,0.006903353057199211,2.375745526838967
2018-02-22,0.03885601577909261,-6.246153846153843,6.310453648915184,0.03747534516765286,2.181818181818182
2018-02-23,3.8233663366336614,-2.946138613861386,9.262178217821788,0.8684418145956607,2.3198019801980205
2018-02-24,3.61049504950495,-1.450297029702968,9.3809900990099,0.02766798418972332,1.8773809523809524
2018-02-25,2.973372781065086,-1.811834319526626,9.27376725838264,0.014822134387351778,1.7065217391304337
2018-02-26,2.369367588932808,-4.460671936758896,10.524308300395262,0.007905138339920948,1.475445544554455
2018-02-27,4.361932938856013,-2.71324110671937,10.941501976284584,0.0,1.3686507936507932
2018-02-28,5.157905138339926,1.7249011857707515,8.962055335968376,31.315415019762842,3.192658730158732
2018-03-01,1.9597609561752989,-2.442942345924455,5.758846918489062,1.1326693227091633,4.537298387096776
2018-03-02,0.4676587301587304,-5.525396825396829,7.409920634920636,0.012896825396825396,1.8128256513026055
2018-03-03,6.9796039603960445,-1.5753968253968247,15.406746031746032,0.048514851485148516,1.7507936507936492
2018-03-04,10.897585513078468,5.527128712871293,16.009504950495053,14.379801980198021,2.2117063492063496
2018-03-05,5.109240246406571,1.4683127572016457,10.93415637860082,9.143058350100603,3.2233471074380176
2018-03-06,3.8609561752988055,-1.2149700598802393,10.037125748502994,0.000998003992015968,2.029518072289159
2018-03-07,4.768999999999998,0.9331999999999999,8.830599999999993,5.815308151093439,2.3881763527054085
2018-03-08,3.0308151093439353,0.9427435387673953,6.284493041749499,14.48406374501992,2.8728370221327983
2018-03-09,2.9488095238095244,-0.4559523809523811,7.270039682539685,0.10139165009940358,1.7694949494949472
2018-03-10,3.98373015873016,-1.4896825396825413,10.2297619047619,0.0,1.8037773359840978
2018-03-11,5.4593253968254,-0.16262425447316126,12.421868787276349,0.0,1.6842629482071705
2018-03-12,7.123564356435645,-0.5728174603174608,15.571428571428584,0.0,1.6950199203187244
2018-03-13,11.290513833992092,2.8893069306930665,18.440198019801993,0.0,2.698217821782177
2018-03-14,14.269246031746038,7.6590457256461235,21.010934393638166,0.0009861932938856016,2.4501992031872497
2018-03-15,11.94345238095237,7.163293650793652,15.453769841269848,27.13418972332016,2.3615537848605617
2018-03-16,4.807722772277231,0.9655445544554456,9.515445544554465,0.7,3.0824351297405186
2018-03-17,5.092261904761906,-1.2317460317460323,12.326388888888891,0.0,1.7111776447105802
2018-03-18,7.646626984126983,1.8545634920634926,12.480753968253973,6.7817821782178225,1.5296812749003985
2018-03-19,8.092047713717692,5.1302186878727625,11.158449304174956,17.266336633663368,3.0075848303393187
2018-03-20,4.636435643564354,1.4069306930693066,8.094455445544552,1.732608695652174,4.586227544910183
2018-03-21,1.459566074950688,-0.05325443786982254,3.4431952662721867,7.813121272365805,3.079282868525895
2018-03-22,4.20752475247525,-0.4035573122529638,10.56699604743084,0.19486166007905137,2.168725099601594
2018-03-23,5.311904761904757,-1.1502970297029718,12.425742574257422,0.0,1.68207171314741
2018-03-24,7.863366336633663,1.334455445544553,14.67128712871287,0.0,2.012774451097805
2018-03-25,9.449407114624513,3.2428853754940703,17.190711462450583,0.0,1.9157370517928303
2018-03-26,10.490711462450587,3.5343873517786575,18.592094861660076,0.001976284584980237,1.7821073558648102
2018-03-27,12.200592885375489,4.460671936758894,19.93932806324111,0.0,2.081150793650793
2018-03-28,13.375494071146237,6.385207100591712,20.28974358974355,0.0039447731755424065,2.4019801980198023
2018-03-29,13.372619047619054,7.710515873015871,20.345833333333317,0.0,1.773904382470119
2018-03-30,11.961143984220906,6.5301775147929,18.6577909270217,0.003937007874015748,2.060792079207921
2018-03-31,12.9869306930693,5.914031620553354,20.579446640316213,0.0009861932938856016,1.8351190476190464
2018-04-01,14.628514851485148,8.716468253968255,20.23809523809521,0.0009861932938856016,1.9109780439121757
2018-04-02,16.544554455445546,10.848712871287129,23.05702970297031,0.0,2.1972166998011913
2018-04-03,16.729306930693074,10.881782178217813,22.82376237623762,0.21794871794871795,2.173015873015874
2018-04-04,11.09861660079051,8.034782608695648,16.055138339920955,13.288779527559054,2.4867326732673267
2018-04-05,8.411067193675887,7.175098814229248,10.035573122529641,12.493503937007874,2.5491089108910887
2018-04-06,7.169169960474308,3.3100990099009895,12.196039603960415,15.00887573964497,3.9226190476190457
2018-04-07,4.209523809523809,1.2555555555555562,8.255357142857138,0.29842209072978304,4.518055555555559
2018-04-08,6.18,-0.2906746031746034,11.30773809523809,0.9903162055335969,3.0882703777336
2018-04-09,9.442063492063493,3.53452380952381,16.36904761904763,0.017786561264822136,1.8547808764940243
2018-04-10,14.359325396825396,4.697227722772277,21.090297029702985,2.124063116370809,3.984126984126989
2018-04-11,14.05588822355289,8.251394422310758,19.54960159362549,1.87244094488189,3.3293413173652704
2018-04-12,12.214711729622264,4.717764471057879,19.965269461077845,0.0,2.24738955823293
2018-04-13,12.3100790513834,5.604940711462451,17.636956521739126,0.08070866141732283,2.5332007952286277
2018-04-14,9.18260869565218,6.959486166007905,13.116007905138334,23.271259842519683,2.7446428571428596
2018-04-15,9.48574257425743,5.58333333333333,14.610119047619053,0.009861932938856016,3.0358565737051797
2018-04-16,9.966930693069306,3.2222222222222245,16.7343253968254,0.003937007874015748,1.855069582504969
2018-04-17,11.465810276679841,5.369900990099004,18.754257425742576,0.008858267716535433,1.5719681908548702
2018-04-18,11.760869565217387,4.4009900990099045,19.742376237623755,0.0,1.7355158730158726
2018-04-19,13.542490118577062,4.642261904761901,21.92123015873015,0.0,2.0061507936507934
2018-04-20,16.449209486166026,7.618613861386135,25.947920792079177,0.0,1.4938492063492075
2018-04-21,17.437425742574263,8.801584158415839,26.043762376237606,0.001968503937007874,2.0914682539682534
2018-04-22,15.172727272727267,10.947430830039522,20.3494071146245,9.560749506903353,2.5964356435643543
2018-04-23,11.098409542743536,10.072564612326046,13.212524850894624,52.555335968379445,3.4523904382470105
2018-04-24,11.294023904382472,8.315139442231073,14.204980079681269,10.809163346613545,2.6022088353413655
2018-04-25,12.290693069306945,4.845742574257425,20.11049504950495,0.17278106508875737,1.6424302788844625
2018-04-26,13.559920634920628,5.915247524752472,21.40891089108912,0.0029585798816568047,1.6708333333333327
2018-04-27,13.881980198019814,7.379603960396042,21.046336633663373,0.0,1.945833333333333
2018-04-28,14.429224652087457,7.267992047713717,22.385487077534798,0.0,1.8037924151696612
2018-04-29,15.152976190476185,7.142460317460325,23.123015873015852,0.0,2.0178926441351877
2018-04-30,17.515079365079377,11.38829365079365,24.0230158730159,1.3747534516765285,1.9457256461232595
2018-05-01,17.87069306930691,13.230158730158738,22.673214285714284,0.6183431952662722,1.6335984095427443
2018-05-02,14.243824701195225,9.523061630218683,18.695626242544737,10.685404339250493,2.5316103379721677
2018-05-03,11.078019801980199,6.920396039603955,16.149306930693083,1.0395669291338583,3.6621031746031756
2018-05-04,13.390891089108914,6.577227722772278,19.742970297029697,0.000984251968503937,3.5541832669322724
2018-05-05,16.85188118811881,8.642376237623768,23.646534653465363,0.009861932938856016,3.0741035856573697
2018-05-06,15.361752988047828,13.420079522862833,18.200198807157058,26.699015748031492,2.0306772908366555
2018-05-07,15.969582504970179,12.325646123260439,21.05566600397614,11.865346534653465,1.7221115537848606
2018-05-08,14.492644135188867,10.717495029821075,18.7727634194831,0.5617357001972387,2.8506986027944126
2018-05-09,12.842094861660078,8.314426877470366,18.28379446640315,0.028937007874015746,2.1256972111553787
2018-05-10,14.164880952380944,8.3065606361829,20.95129224652088,0.0,1.7984031936127751
2018-05-11,15.719642857142858,9.16924603174603,22.33214285714288,0.01775147928994083,1.747504990019961
2018-05-12,15.167391304347824,12.592490118577068,17.645256916996072,19.822287968441813,2.2423459244532804
2018-05-13,16.232604373757457,12.40994035785288,21.159840954274372,6.588954635108481,2.001394422310756
2018-05-14,18.093849206349184,11.342658730158728,25.377777777777784,0.000984251968503937,1.6322067594433394
2018-05-15,21.373505976095625,14.12071713147409,28.21394422310757,0.08441814595660749,1.8219999999999998
2018-05-16,21.720883534136554,19.511267605633815,24.0466800804829,9.65748031496063,2.905050505050504
2018-05-17,21.554582484725056,18.667413441955198,24.92912423625256,23.758846918489066,2.7171779141104313
2018-05-18,16.687374749499,12.79519038076152,20.90340681362726,10.861876247504991,2.3454728370221325
2018-05-19,15.123904382470124,10.143824701195214,20.642231075697197,0.1601980198019802,2.7811999999999975
2018-05-20,14.964285714285706,8.96190476190477,20.976984126984135,0.08712871287128712,2.9694610778443136
2018-05-21,15.547117296222659,9.535387673956263,21.53558648111331,0.007936507936507936,2.2201195219123484
2018-05-22,16.88784860557768,11.58466135458168,22.800996015936246,7.795049504950495,1.6029940119760493
2018-05-23,16.93206412825651,11.406212424849704,22.785370741482946,12.73366533864542,2.566064257028112
2018-05-24,17.64900398406372,9.292031872509954,25.094422310756954,0.0,2.2104
2018-05-25,18.491468253968247,11.518650793650794,25.925396825396863,0.1422924901185771,1.6720238095238087
2018-05-26,19.003571428571437,11.56746031746033,26.824603174603165,0.37425742574257426,1.612698412698412
2018-05-27,18.661829025844927,13.56401590457256,24.348508946322056,0.13762376237623763,1.3564870259481052
2018-05-28,19.521600000000003,14.085200000000011,25.506400000000003,1.4072978303747534,1.5175999999999994
2018-05-29,20.4155378486056,16.19662027833002,25.8196819085487,1.215415019762846,1.4501999999999986
2018-05-30,19.51579999999999,15.465130260521034,24.841482965931863,1.7544378698224852,1.660764587525151
2018-05-31,18.510735586481115,12.94592445328031,24.81232604373756,0.0,1.7742514970059866
2018-06-01,20.83373015873015,13.424603174603172,28.454563492063507,0.0009881422924901185,1.6087475149105368
2018-06-02,21.636039603960388,14.513069306930687,29.528316831683167,0.0,1.600994035785289
2018-06-03,21.229365079365092,14.3827380952381,28.93015873015874,0.020750988142292492,1.518127490039839
2018-06-04,21.002184466019425,14.82815533980581,27.235922330097075,0.016765285996055226,1.581707317073172
2018-06-05,20.65877551020406,16.632653061224488,25.865714285714297,3.638008130081301,1.4643442622950826
2018-06-06,21.239387755102058,15.79205702647658,27.68248472505093,0.0,1.4337423312883444
2018-06-07,21.65560081466396,16.22912423625254,28.391853360488795,0.0,1.5184049079754596
2018-06-08,21.01984126984125,16.558531746031758,26.591071428571425,0.006903353057199211,1.736454183266932
2018-06-09,20.4580198019802,16.12158415841584,25.755643564356433,1.5037475345167652,2.423459244532805
2018-06-10,19.080753968253976,16.466269841269824,22.83670634920635,2.122879684418146,2.4272908366533863
2018-06-11,18.00079681274901,15.819000000000004,21.32800000000001,7.940316205533597,1.6559118236472938
2018-06-12,18.830099009900984,15.047316103379726,24.004373757455262,0.8252465483234713,1.626693227091633
2018-06-13,19.707114624505934,15.241106719367602,24.765217391304322,0.16962524654832348,1.79265873015873
2018-06-14,19.75029702970297,16.56792079207921,24.10138613861386,3.7364891518737675,2.399404761904763
2018-06-15,19.148310139164973,15.403180914512927,23.927037773359867,0.873767258382643,2.566932270916335
2018-06-16,19.113944223107556,13.944820717131465,25.2671314741036,0.0,2.123799999999999
2018-06-17,20.123904382470112,14.311553784860553,26.284661354581658,0.0,1.3168
2018-06-18,22.16580516898608,16.84990019960081,28.649500998004,0.001976284584980237,1.3938123752495017
2018-06-19,20.4894422310757,17.026494023904387,24.94302788844622,5.982178217821782,1.3208000000000004
2018-06-20,21.44729458917836,17.024048096192377,27.249298597194393,0.14554455445544554,1.8640000000000003
2018-06-21,21.88227091633467,16.70978043912177,28.220758483033915,0.0,1.9761523046092175
2018-06-22,22.576143141153082,15.629423459244542,30.087673956262417,0.07821782178217822,1.4858
2018-06-23,22.45328031809143,17.82882703777337,28.44135188866798,0.17292490118577075,1.882235528942115
2018-06-24,23.969444444444456,17.882703777335976,31.13777335984094,0.0,1.9661354581673287
2018-06-25,24.181237524950095,17.72594810379241,31.234131736526965,0.005940594059405941,1.4526104417670693
2018-06-26,22.46004016064257,19.54518072289155,25.507028112449827,33.947628458498016,2.872434607645876
2018-06-27,23.167065868263478,20.448207171314742,27.14462151394423,25.252475247524753,2.6267465069860285
2018-06-28,22.136437246963578,19.717886178861786,25.34126016260165,38.05742574257426,1.8902240325865576
2018-06-29,23.317871485943773,19.914084507042222,28.197585513078465,3.3685258964143427,1.5503018108651918
2018-06-30,22.655241935483875,19.69455645161289,26.47298387096772,19.12115768463074,1.6070850202429157
2018-07-01,22.23016194331984,19.835020242914986,25.12995951417004,66.63420523138832,2.3359026369168356
2018-07-02,23.08295218295219,20.799168399168405,26.338877338877342,39.10361445783132,2.0532224532224554
2018-07-03,24.318218623481787,21.516632860040573,28.432251521298195,13.839641434262948,2.6239837398373997
2018-07-04,24.81526104417671,21.252313883299788,29.881690140845045,7.39065606361829,1.8303212851405628
2018-07-05,23.14422310756973,21.098804780876485,26.67390438247015,9.950695825049703,1.4886227544910189
2018-07-06,21.467330677290825,19.40099800399203,24.1193612774451,6.74265873015873,2.6775999999999995
2018-07-07,20.846613545816737,17.372908366533878,25.41573705179284,0.3492063492063492,2.6417165668662683
2018-07-08,20.538799999999995,16.71217564870259,24.76746506986029,0.2316831683168317,2.2166000000000032
2018-07-09,20.111468812877263,18.51024096385542,22.098393574297194,12.044554455445544,2.0064386317907434
2018-07-10,23.51519999999998,19.77454909819636,27.513426853707408,4.750695825049702,1.9738955823293192
2018-07-11,25.488600000000023,22.34471057884234,29.52574850299402,5.039761431411531,1.7335999999999987
2018-07-12,26.256600000000006,22.663727454909807,30.6889779559118,0.09108910891089109,1.6628514056224915
2018-07-13,26.49099999999999,22.92570281124497,31.243975903614462,0.0049504950495049506,1.6362173038229366
2018-07-14,26.639363817097404,22.557884231536907,31.803393213572825,0.0009900990099009901,1.639799999999999
2018-07-15,26.828685258964132,22.203187250996006,32.547609561753006,0.0,1.4371999999999991
2018-07-16,26.827145708582837,21.91856287425149,32.649301397205576,0.0,1.3710578842315368
2018-07-17,26.571856287425156,21.88320000000002,32.10219999999999,0.0,1.4398000000000002
2018-07-18,26.48957915831664,21.6936,32.36760000000002,0.0,1.2791999999999997
2018-07-19,26.742714570858272,21.769338677354718,32.73687374749497,0.0,1.2957999999999987
2018-07-20,27.371257485029933,21.81337325349299,33.71796407185631,0.0009861932938856016,1.2769076305220874
2018-07-21,28.0614770459082,22.73912175648698,34.34251497005988,0.06719367588932806,1.5108433734939741
2018-07-22,28.325553319919504,23.28490945674045,34.04627766599597,0.24404761904761904,1.9429149797570846
2018-07-23,28.486546184738998,24.41770623742455,33.83521126760561,0.1198019801980198,1.6371717171717164
2018-07-24,28.64311377245509,23.935200000000005,34.38479999999998,0.002976190476190476,1.5639839034205245
2018-07-25,28.39899799599197,24.651004016064263,33.385742971887545,0.00496031746031746,1.7781818181818176
2018-07-26,28.454870775347892,24.193836978131188,33.858846918489064,0.17063492063492064,1.3442885771543085
2018-07-27,28.779441117764485,24.273505976095574,34.70239043824702,0.48316831683168315,1.3751999999999993
2018-07-28,27.918253968253946,24.534920634920645,33.47976190476192,2.8031620553359686,1.553892215568862
2018-07-29,28.321782178217855,23.93544554455447,33.505742574257475,0.25790513833992096,2.3403193612774467
2018-07-30,27.96401590457256,23.704572564612317,33.189662027833016,0.7035573122529645,2.1322709163346607
2018-07-31,28.236706349206326,23.240079365079364,34.30952380952381,0.013861386138613862,1.8290258449304169
2018-08-01,29.08687872763419,23.271172962226665,35.70974155069584,0.0,1.7066132264529073
2018-08-02,29.239399999999993,24.18079999999999,35.239199999999975,0.007905138339920948,1.8026052104208425
2018-08-03,29.177217741935465,24.647991967871484,34.73433734939758,1.1998019801980198,1.980761523046095
2018-08-04,28.974849094567404,24.798189134808858,34.313078470824955,0.026732673267326732,1.7874493927125512
2018-08-05,28.695209580838302,24.654491017964084,33.972455089820365,0.47425742574257423,1.8152610441767076
2018-08-06,28.121713147410357,24.62231075697213,33.24960159362554,9.0,1.5782435129740522
2018-08-07,27.838877755511046,24.4396,32.9602,1.4397233201581028,1.54749498997996
2018-08-08,28.0600397614314,24.148707753479158,33.626838966202776,1.3027613412228798,1.5088000000000013
2018-08-09,27.523046092184387,24.154509018036087,32.63186372745493,3.6952380952380954,1.4064257028112466
2018-08-10,27.21626506024098,24.09036144578312,32.064257028112436,5.511067193675889,1.5016064257028099
2018-08-11,27.143027888446213,23.649101796407198,31.995009980039935,0.5622529644268774,1.8434000000000001
2018-08-12,27.470377733598408,23.51726190476191,32.49285714285714,1.3112871287128713,1.8743538767395622
2018-08-13,28.623399999999997,24.42320000000001,34.169800000000016,1.832871287128713,1.7972000000000008
2018-08-14,28.75705765407554,24.170377733598386,34.90974155069581,0.46633663366336636,1.5101796407185626
2018-08-15,28.498011928429424,23.798608349900594,35.15407554671965,4.4369565217391305,1.7892215568862269
2018-08-16,26.42171314741036,22.65956175298806,31.092828685258954,8.13491124260355,2.7669322709163335
2018-08-17,24.267261904761906,19.969642857142837,29.41408730158731,0.9150197628458498,3.2654075546719667
2018-08-18,23.521115537848587,18.304382470119517,29.639243027888444,0.0,2.0286852589641438
2018-08-19,24.570039682539676,19.22996031746032,30.906944444444427,0.0,1.4304174950298219
2018-08-20,25.757256461232632,20.72166998011931,31.065805168986056,0.21005917159763313,2.1816733067729084
2018-08-21,25.81414342629484,21.353892215568866,31.076247504990015,3.2015779092702172,2.1482000000000014
2018-08-22,27.803585657370505,22.074193548387097,33.5836693548387,4.772189349112426,2.6929292929292896
2018-08-23,26.381636726546937,23.834063745019943,29.303187250996015,44.499801980198015,4.18637274549098
2018-08-24,24.587951807228915,22.11546184738956,27.71285140562247,20.62079207920792,3.3478873239436626
2018-08-25,23.80159362549803,20.724501992031886,27.908764940239074,1.7191699604743083,1.624501992031873
2018-08-26,22.17142857142856,19.805367793240542,25.88051689860833,42.691501976284584,1.8428286852589628
2018-08-27,23.259960159362564,20.79021956087826,26.026147704590823,39.791666666666664,1.7132
2018-08-28,24.392199999999974,21.993638170974148,28.248906560636186,37.14910536779324,1.6165668662674662
2018-08-29,25.228888888888857,22.07762096774192,29.20947580645157,30.862376237623764,2.2872727272727285
2018-08-30,25.457575757575757,23.21350806451612,29.39415322580644,15.597222222222221,2.0161616161616163
2018-08-31,23.430661322645307,20.623340040241427,27.189738430583496,24.923306772908365,1.6889336016096586
2018-09-01,22.79454545454546,19.107926829268276,27.52418699186993,12.171287128712871,2.0156186612576046
2018-09-02,22.23838383838381,17.95653923541248,26.70744466800807,1.1147704590818364,1.9792756539235425
2018-09-03,23.3110220440882,20.88212851405622,26.722690763052206,34.042828685258954,1.7871485943775107
2018-09-04,22.93273092369479,19.04156626506025,27.758433734939754,22.0624254473161,2.289579158316633
2018-09-05,22.43815261044178,17.643172690763034,27.88253012048194,0.0009940357852882703,2.2426853707414804
2018-09-06,21.992971887550176,17.582164328657296,26.482765531062125,1.0175298804780877,1.661399999999998
2018-09-07,20.599597585513063,16.768209255533208,24.81428571428571,6.208764940239044,2.094959677419355
2018-09-08,18.959437751004042,14.182931726907633,24.859839357429713,0.013944223107569721,1.5224899598393584
2018-09-09,19.720161290322586,13.988080808080811,26.203636363636367,0.6576846307385229,1.8078787878787868
2018-09-10,19.844040404040395,14.91431451612904,25.575201612903207,1.0099403578528827,2.0195564516129054
2018-09-11,18.99416498993965,14.101008064516112,24.212298387096755,0.06262425447316103,2.253427419354837
2018-09-12,20.339679358717426,15.120925553319932,26.052313883299803,0.7081673306772909,1.750403225806452
2018-09-13,20.578156312625257,17.93253012048192,24.24879518072289,15.52375249500998,1.6863453815261047
2018-09-14,21.307444668008063,18.45383064516129,24.443548387096772,8.743625498007969,1.8616161616161622
2018-09-15,21.669338677354705,19.738353413654615,24.47670682730923,2.280594059405941,1.1537223340040244
2018-09-16,21.991549295774643,19.634004024144847,25.79839034205232,0.48970297029702975,1.2312499999999988
2018-09-17,21.18319999999999,17.107615230460908,26.643887775551075,0.2813121272365805,1.3391129032258058
2018-09-18,20.452095808383216,15.751600000000003,26.680400000000027,0.0,1.2563126252504995
2018-09-19,20.16838966202782,16.172055888223554,24.862674650698594,2.16897233201581,1.0925851703406815
2018-09-20,19.48011928429424,17.923246492985967,21.406412825651305,12.033596837944664,1.7449799196787148
2018-09-21,19.107753479125243,17.497200000000003,21.275799999999986,24.25595238095238,1.7186000000000012
2018-09-22,19.665940594059407,14.582107355864817,25.809145129224653,0.5810276679841897,1.5493041749502972
2018-09-23,18.382142857142846,13.31215139442231,25.050796812748985,0.29545454545454547,1.568924302788844
2018-09-24,16.119560878243504,11.6234,21.6024,0.0,1.6956087824351314
2018-09-25,16.033133732534928,9.658083832335329,22.876447105788433,0.20355731225296442,1.8323353293413163
2018-09-26,17.30476190476191,13.161952191235073,22.675697211155406,0.2988095238095238,2.282834331337327
2018-09-27,16.624950495049507,11.23797216699801,23.258846918489077,0.08415841584158416,1.927290836653385
2018-09-28,16.567992047713712,11.623353293413164,21.795808383233528,0.039525691699604744,1.7291417165668668
2018-09-29,17.913888888888888,13.394820717131479,23.243227091633457,2.6936758893280635,1.7087649402390446
2018-09-30,17.59900596421471,13.145508982035924,23.65568862275452,0.8772277227722772,2.9306
2018-10-01,15.21272365805169,11.292600000000013,19.581800000000012,1.0425742574257426,3.0519038076152274
2018-10-02,14.729423459244536,9.514570858283424,21.346506986027943,0.004940711462450593,1.5726000000000009
2018-10-03,15.004347826086954,9.017658730158722,22.745039682539698,0.0,1.3629482071713148
2018-10-04,17.472727272727276,10.524453280318097,23.898807157057664,1.3581027667984191,2.162549800796813
2018-10-05,17.257085828343293,15.313772455089829,19.19061876247505,63.64782608695653,2.8732534930139693
2018-10-06,18.216969696969716,15.447667342799193,21.540162271805265,71.81509054325956,4.145233265720081
2018-10-07,16.74530938123752,11.724497991967873,22.74156626506024,0.0,2.0152610441767074
2018-10-08,13.906187624750507,9.101002004008018,20.59158316633266,0.0,1.6927419354838706
2018-10-09,14.488293650793647,9.608548707753483,19.495825049701814,0.07940594059405941,1.3971943887775555
2018-10-10,13.176341948310139,8.384462151394423,17.402988047808766,2.2214711729622265,2.789779559118235
2018-10-11,9.998406374501995,5.511800000000006,15.339400000000005,0.02178217821782178,2.379879275653926
2018-10-12,9.877075098814228,4.28628230616302,16.884294234592456,0.0009881422924901185,1.5930139720558874
2018-10-13,11.168181818181807,5.083333333333332,18.88353174603175,0.0,1.285458167330676
2018-10-14,12.529306930693064,6.531809145129223,19.463220675944324,0.007905138339920948,1.29061876247505
2018-10-15,13.562524654832341,8.38932806324111,20.38280632411066,0.021739130434782608,1.4242063492063495
2018-10-16,12.597222222222225,8.520517928286846,18.2410358565737,0.45069033530571995,1.2592000000000003
2018-10-17,11.969980119284292,7.379400000000006,18.512399999999964,0.8300395256916996,1.5956
2018-10-18,11.205788423153695,6.183433133732523,17.0187624750499,4.550395256916996,2.048192771084337
2018-10-19,11.512500000000003,6.113346613545814,18.553585657370526,0.061386138613861385,1.8218436873747497
2018-10-20,11.189285714285711,5.17964071856287,19.76467065868264,0.0,1.2338677354709413
2018-10-21,11.3218253968254,5.000597609561752,20.108565737051812,0.0,1.1428
2018-10-22,12.42321428571427,6.616334661354581,19.506175298804767,0.06719367588932806,0.9884000000000003
2018-10-23,12.449504950495035,7.9928286852589645,18.467529880478086,1.6189349112426035,1.512
2018-10-24,11.62376237623763,6.6322709163346705,18.737250996015927,0.0,1.4888223552894204
2018-10-25,11.995029821073556,5.524750499002004,20.403592814371265,0.0,1.246107784431137
2018-10-26,12.261111111111108,8.586626746506987,15.367465069860271,7.997041420118343,2.123647294589179
2018-10-27,9.796831683168312,6.19484126984127,13.67003968253969,0.41318897637795277,3.500796812749003
2018-10-28,10.0598,4.384200000000003,15.67219999999999,4.675936883629191,2.721887550200805
2018-10-29,9.253093812375244,4.560400000000006,15.0422,0.33786982248520714,2.2440881763527067
2018-10-30,6.976923076923081,2.0446640316205533,12.593083003952557,0.000984251968503937,1.9920792079207919
2018-10-31,7.2998023715415,2.5043564356435635,13.609306930693073,0.05236220472440945,1.8594861660079047
2018-11-01,7.435856573705169,1.616599999999999,15.224199999999987,0.0019723865877712033,1.6065868263473053
2018-11-02,8.725298804780875,2.3544000000000005,17.615,0.0009861932938856016,1.1864541832669329
2018-11-03,9.428373015873017,2.9419483101391686,18.5652087475149,0.0,1.1592445328031817
2018-11-04,9.870039682539687,3.3073558648111367,18.88170974155069,0.0,1.2493041749502993
2018-11-05,10.402380952380964,4.089662027833001,18.29522862823061,0.005905511811023622,1.2349900596421473
2018-11-06,11.45247524752474,6.021272365805174,18.23320079522864,0.14003944773175542,1.1615537848605577
2018-11-07,12.598802395209594,9.74950099800399,15.324950099800404,3.9236220472440944,1.2476000000000003
2018-11-08,13.644200000000003,11.557314629258519,16.621643286573146,38.3254,2.5833667334669315
2018-11-09,11.660600000000002,7.414257028112452,15.466265060240966,0.9495049504950495,3.185370741482967
2018-11-10,10.415799999999994,5.295199999999999,17.310599999999987,0.009900990099009901,1.4930000000000003
2018-11-11,9.033333333333331,4.49241516966068,13.825149700598807,1.6934653465346536,1.1336653386454179
2018-11-12,8.620916334661361,4.2692000000000005,14.123199999999997,0.8976377952755905,1.7978043912175652
2018-11-13,8.40513833992095,3.826984126984128,14.501190476190468,0.17850098619329388,1.5837623762376234
2018-11-14,8.08577075098815,3.2217821782178238,15.102970297029698,0.1515748031496063,1.2464426877470358
2018-11-15,8.52930693069307,2.9399602385685895,15.995029821073555,0.0,1.1485148514851473
2018-11-16,8.711729622266404,4.809542743538771,13.501988071570587,1.2830374753451677,1.4431683168316847
2018-11-17,6.621314741035856,2.064071856287427,12.71297405189621,0.01282051282051282,1.7537848605577693
2018-11-18,6.136673346693386,1.7730923694779122,10.83373493975903,0.05237154150197629,1.4384769539078164
2018-11-19,6.581325301204818,1.7529175050301795,12.967002012072431,0.0009861932938856016,1.5160642570281109
2018-11-20,5.7631474103585605,-0.1341317365269454,12.934730538922157,0.1062992125984252,1.5612774451097802
2018-11-21,6.146414342629488,1.2950199203187254,10.822310756972115,0.9124505928853754,1.625298804780878
2018-11-22,3.4627490039840647,-0.9501992031872523,8.223107569721119,0.001976284584980237,2.6038000000000006
2018-11-23,1.9166666666666667,-2.9792338709677417,7.948790322580653,0.0029644268774703555,1.599395161290325
2018-11-24,4.267073170731706,-0.31680161943319823,7.872064777327931,4.479522862823062,1.8110663983903428
2018-11-25,5.599597585513073,1.6211999999999995,10.975799999999996,0.0,1.3434869739478945
2018-11-26,5.885771543086172,0.996586345381527,13.387148594377514,0.010912698412698412,1.2231388329979882
2018-11-27,7.515991902834012,1.8115151515151513,14.146060606060617,0.0,1.5161943319838054
2018-11-28,5.466129032258063,0.8973790322580648,11.65866935483871,0.0,1.6903225806451603
2018-11-29,4.6826000000000025,-0.6914171656686632,10.85369261477046,0.0,1.2286852589641435
2018-11-30,4.513279678068414,-0.55524193548387,11.196572580645167,0.0,1.3471887550200812
2018-12-01,5.196400000000002,0.8643286573146293,11.554308617234462,0.0,1.3876000000000013
2018-12-02,8.473306772908371,1.3716,14.89920000000001,0.642970297029703,1.7944000000000009
2018-12-03,12.067935871743492,8.859879032258064,15.062096774193552,8.156324110671937,1.4094758064516129
2018-12-04,9.455577689243023,4.212399999999999,13.56940000000001,11.515019762845851,2.6924302788844625
2018-12-05,3.3898203592814378,-0.8734530938123749,7.390618762475055,0.2015810276679842,2.203386454183267
2018-12-06,3.6882235528942156,1.1200000000000003,7.114400000000002,2.847534516765286,2.4233532934131725
2018-12-07,-3.512524850894633,-6.524652087475153,2.510735586481115,0.13550295857988165,4.050501002004009
2018-12-08,-5.313293650793653,-8.517097415506953,-1.362823061630219,0.2490118577075099,2.735341365461847
2018-12-09,-4.816898608349903,-9.07071713147411,0.08665338645418404,0.06732673267326733,2.1246987951807244
2018-12-10,-1.9887999999999986,-7.679599999999999,5.009400000000003,0.0029702970297029703,1.6088709677419355
2018-12-11,0.5614770459081836,-3.0004000000000013,3.0945999999999994,2.1322772277227724,1.6046464646464649
2018-12-12,-1.095029821073558,-4.850898203592813,3.370059880239522,0.1504950495049505,2.4730923694779112
2018-12-13,-0.6235059760956166,-5.450698602794409,4.450698602794415,0.28950495049504954,2.589537223340039
2018-12-14,-2.950398406374497,-7.096215139442233,2.3766932270916334,0.06448412698412699,2.1181086519114696
2018-12-15,-2.003006012024047,-8.07590361445783,5.125100401606429,0.0,1.268623481781377
2018-12-16,0.8800000000000001,-3.2052104208416843,4.486573146292586,0.8647524752475247,1.4472837022132803
2018-12-17,2.6217131474103574,-1.2996000000000005,7.032200000000003,0.06865079365079366,2.4959677419354858
2018-12-18,2.127345309381237,-3.0658634538152607,8.026907630522086,0.0,1.9453441295546556
2018-12-19,4.881274900398409,-0.6879759519038072,11.056112224448897,0.015841584158415842,1.7574297188755026
2018-12-20,3.8996015936254977,-0.3294820717131475,10.285657370517928,1.0495049504950495,1.1940119760479053
2018-12-21,5.16594059405941,-0.9238095238095243,12.086904761904766,0.013806706114398421,1.2067729083665342
2018-12-22,6.304733727810653,1.153861386138614,12.629702970297025,0.2812623274161736,1.3033730158730175
2018-12-23,4.618934911242602,-0.7318181818181826,9.50019762845849,1.3398422090729782,2.8808300395256925
2018-12-24,-0.9208661417322834,-5.015810276679839,4.517786561264824,0.0009823182711198428,2.1278656126482196
2018-12-25,0.4952662721893491,-5.383201581027665,5.375889328063244,0.03143418467583497,1.5505928853754931
2018-12-26,1.7126482213438736,-1.9932673267326753,6.068910891089111,0.037524557956778,2.5679207920792066
2018-12-27,-5.465476190476192,-8.63479125248508,-1.2819085487077528,0.0137524557956778,4.087450199203184
2018-12-28,-7.42173913043479,-11.092871287128707,-3.1647524752475302,0.3946745562130177,3.1580516898608333
2018-12-29,-5.562721893491117,-9.777272727272734,-1.2407114624505917,0.1515748031496063,3.128968253968253
2018-12-30,-5.288118811881192,-9.72123015873016,0.25892857142857134,0.09881422924901186,2.0774900398406366
2018-12-31,-3.6970297029702954,-9.783531746031757,2.9450396825396825,0.0,1.6978131212723635
2019-01-01,-2.6550295857988178,-6.584980237154146,1.6594861660079039,0.03648915187376726,2.7308910891089115
2019-01-02,-3.147035573122534,-7.526336633663369,2.441980198019801,0.0029585798816568047,2.2569444444444446
2019-01-03,-2.6954545454545484,-8.198600000000013,4.2665999999999995,0.0,1.7356000000000003
2019-01-04,-0.8083333333333351,-7.28336673346693,4.959318637274546,0.09940944881889764,1.5070140280561124
2019-01-05,-0.525246548323472,-5.307200000000001,4.6347999999999985,0.07889546351084813,2.3066000000000013
2019-01-06,-1.7457256461232618,-6.455110220440881,4.781563126252508,0.0,1.76192384769539
2019-01-07,-1.1015936254980088,-6.725955734406441,4.925955734406438,0.0,1.8548192771084329
2019-01-08,-1.3051689860834987,-5.650398406374512,3.6962151394422316,0.0,2.9452191235059755
2019-01-09,-3.4469428007889547,-8.590909090909102,2.140909090909091,0.01215686274509804,1.7788118811881193
2019-01-10,0.2192842942345931,-3.8574552683896655,4.6326043737574585,0.0009823182711198428,2.0958333333333345
2019-01-11,1.7801587301587303,-3.357057654075548,7.4958250497017875,0.11992110453648915,1.4069444444444443
2019-01-12,2.5984189723320146,-0.8869306930693058,7.159405940594061,1.617681728880157,1.4732673267326726
2019-01-13,0.993491124260355,-3.49209486166008,7.591106719367586,0.050980392156862744,1.5871794871794862
2019-01-14,0.6921104536489151,-4.263438735177867,6.823320158102771,0.00980392156862745,1.2962524654832352
2019-01-15,0.2966336633663361,-4.684356435643559,5.270099009900993,0.0196078431372549,2.999604743083001
2019-01-16,-3.689723320158103,-8.459405940594065,1.0980198019801979,0.004892367906066536,2.6811133200795245
2019-01-17,-0.07573964497041422,-4.4270750988142336,4.749209486166004,0.0009784735812133072,2.6679207920792076
2019-01-18,0.08031496062992101,-5.941222879684418,7.292702169625242,0.0,1.5588582677165375
2019-01-19,2.4834319526627215,-2.9112648221343895,8.640909090909089,0.30528375733855184,1.2539370078740157
2019-01-20,0.863636363636364,-3.6207920792079236,5.036831683168316,0.12739726027397258,3.5312749003984067
2019-01-21,-0.22118811881188144,-6.0825396825396805,5.289682539682541,0.0003913894324853229,2.8061752988047797
2019-01-22,1.658613861386139,-4.17281746031746,8.173611111111107,0.010980392156862744,2.0820158102766793
2019-01-23,2.2565217391304344,-3.0984158415841594,8.749504950495053,0.0,2.4112648221343886
2019-01-24,-0.11873767258382706,-5.820553359683795,7.243873517786567,0.0,1.7288537549407124
2019-01-25,-0.9667322834645679,-5.892307692307699,4.792110453648918,0.09980430528375733,2.736956521739131
2019-01-26,-2.4771203155818546,-6.941897233201582,2.88399209486166,0.0009784735812133072,3.05198412698413
2019-01-27,-0.6595660749506901,-8.103754940711458,6.3490118577075085,0.0,1.990099009900991
2019-01-28,1.8554027504911594,-3.6051282051282056,6.420315581854043,0.07338551859099804,3.1881656804733702
2019-01-29,-0.49037328094302507,-6.918307086614168,7.189960629921267,0.0,1.475245579567778
2019-01-30,2.7560784313725484,-3.3581532416502937,8.936149312377207,0.033268101761252444,1.6292730844793708
2019-01-31,-0.46110019646365386,-4.79368836291913,4.0027613412228815,4.328937007874016,2.7452380952380953
2019-02-01,-1.899411764705882,-7.349409448818896,3.5068897637795287,0.0039603960396039604,2.6288537549407103
2019-02-02,1.8076470588235278,-5.074852652259328,7.858742632612967,0.03686274509803922,1.9290766208251464
2019-02-03,5.520866141732283,2.4586614173228365,9.299212598425195,15.05940594059406,2.549212598425199
2019-02-04,1.5915187376725835,-2.256916996047432,5.847035573122532,0.0009881422924901185,2.6912524850894624
2019-02-05,2.4816929133858276,-4.225641025641018,10.153648915187366,0.0,1.4814595660749506
2019-02-06,5.107072691552064,-1.2748031496062988,11.965354330708658,0.0,1.4324803149606284
2019-02-07,1.2654901960784317,-4.584675834970528,6.870333988212177,0.6721568627450981,3.3082514734774087
2019-02-08,-2.6941060903732788,-6.488560157790924,2.1390532544378704,0.0029354207436399216,2.3187376725838265
2019-02-09,-2.522549019607847,-5.3554240631163665,0.9502958579881652,0.08414872798434442,3.09033530571992
2019-02-10,-2.2078740157480303,-7.052673267326742,2.1817821782178206,0.029354207436399216,1.9718811881188123
2019-02-11,-1.5201581027667976,-5.6817460317460355,3.1138888888888876,0.04403131115459882,2.7559523809523805
2019-02-12,-0.41200787401574734,-6.103353057199218,5.233333333333327,0.0,1.759645669291337
2019-02-13,-0.5108055009823181,-4.9481262327416164,4.550295857988164,0.008806262230919765,2.362795275590547
2019-02-14,-0.1382352941176468,-4.7139489194499,5.588998035363455,0.021526418786692758,1.6465618860510813
2019-02-15,1.3519607843137256,-2.275787401574802,4.902165354330712,0.3005882352941176,2.1041338582677165
2019-02-16,-1.0478346456692922,-4.322485207100587,2.654635108481262,0.0410958904109589,3.0919132149901394
2019-02-17,-0.8827788649706448,-6.258627450980393,5.353921568627454,0.0009784735812133072,2.4390196078431376
2019-02-18,1.675294117647059,-4.9149312377210155,7.002554027504918,0.4197651663405088,1.3803149606299212
2019-02-19,2.730511811023622,0.16074950690335252,5.663313609467454,13.451287128712872,1.902165354330708
2019-02-20,2.2806324110671925,-0.9892857142857137,6.124404761904762,0.005952380952380952,2.360990099009901
2019-02-21,2.025691699604743,-2.9570297029703014,8.430495049504948,0.0,1.5470355731225292
2019-02-22,3.322003929273084,-1.920907297830375,10.20552268244576,0.1779324055666004,1.4740157480314962
2019-02-23,4.44251968503937,-1.5692307692307697,12.33648915187377,0.008823529411764706,1.647826086956521
2019-02-24,5.18323471400394,-1.5924901185770755,13.185770750988137,0.0,1.6818540433925044
2019-02-25,4.898814229249015,-0.23603960396039622,11.592079207920797,0.0,1.9270750988142284
2019-02-26,4.62958579881657,-1.991106719367588,11.788339920948621,0.0,1.7189723320158101
2019-02-27,6.485854616895876,2.6610236220472445,11.35649606299212,0.5096078431372548,1.4752964426877484
2019-02-28,5.774851485148516,0.6246520874751489,12.369980119284309,0.0601577909270217,1.74203187250996
2019-03-01,5.100394477317551,-0.8506903353057196,12.654832347140022,0.0,1.738461538461538
2019-03-02,6.20866141732284,-0.9822485207100592,13.538658777120324,0.13013698630136986,1.455335968379447
2019-03-03,7.707283464566939,1.7161417322834642,13.943503937007872,0.4309197651663405,1.446456692913385
2019-03-04,7.674212598425202,2.6386138613861387,14.015643564356443,0.17598425196850395,1.9087475149105384
2019-03-05,7.244094488188977,0.7950592885375494,13.274703557312252,0.07064579256360079,1.4875494071146254
2019-03-06,7.55187376725838,3.4550495049504932,12.997029702970284,1.4832347140039448,1.8043650793650796
2019-03-07,5.553769841269839,1.1847222222222222,10.998611111111114,0.6986301369863014,2.4964214711729618
2019-03-08,5.065810276679843,-1.8350495049504945,13.332277227722766,0.0,1.640990099009902
2019-03-09,6.916633663366338,-1.511309523809526,14.727182539682541,1.5862204724409448,1.7106930693069322
2019-03-10,7.240873015873015,3.123107569721115,11.707768924302783,8.022682445759369,2.2900596421471167
2019-03-11,5.678415841584152,0.2430555555555556,11.019841269841278,1.0190196078431373,2.024850894632206
2019-03-12,5.00257425742574,0.2420634920634919,10.607142857142856,0.7269155206286837,3.2305555555555587
2019-03-13,3.2043650793650817,-1.985487077534792,8.630815109343938,0.008823529411764706,3.4449304174950295
2019-03-14,4.335445544554454,-3.058846918489066,10.766003976143145,0.022941176470588232,2.034393638170975
2019-03-15,5.063293650793654,0.3618290258449303,11.474552683896626,2.9196078431372547,2.646520874751492
2019-03-16,4.840631163708084,0.2863636363636363,10.137747035573131,0.14047151277013753,2.248023715415018
2019-03-17,5.76272189349113,0.30750988142292485,12.234584980237152,0.00980392156862745,2.0015779092702184
2019-03-18,6.544970414201187,-0.8897233201581025,13.869762845849793,0.46176470588235297,1.5723320158102776
2019-03-19,9.411637080867848,1.5134387351778666,17.459288537549416,0.0,1.839130434782609
2019-03-20,10.643141153081512,4.446015936254982,16.452589641434255,16.66188605108055,2.331536926147704
2019-03-21,8.840800000000003,3.64669338677355,14.230861723446898,2.378853754940711,3.9146292585170395
2019-03-22,4.413582677165351,0.739447731755424,9.513806706114407,0.0,3.1428007889546374
2019-03-23,3.50492125984252,-1.0266798418972347,9.386956521739126,1.1312377210216111,3.0316831683168313
2019-03-24,3.9529527559055126,-2.512623274161737,10.33944773175542,0.0,2.4498023715415034
2019-03-25,6.45522682445759,0.168577075098814,12.494664031620545,0.0,2.2978217821782168
2019-03-26,9.618934911242611,2.6059288537549437,17.475494071146244,0.0,2.111660079051381
2019-03-27,11.779009900990099,4.423366336633667,18.04673267326733,0.05795677799607073,3.399207920792082
2019-03-28,9.73049504950495,5.728571428571431,14.928968253968248,0.38605108055009824,2.07361111111111
2019-03-29,9.656039603960402,4.353571428571432,15.799801587301593,0.023818897637795274,1.8527777777777774
2019-03-30,6.531422924901183,3.0433663366336634,11.349306930693064,2.5037401574803146,3.2671287128712896
2019-03-31,4.5172619047619,1.3431411530815094,8.401988071570583,0.1495069033530572,3.90735586481113
2019-04-01,4.972166998011928,-0.9486055776892433,10.752589641434275,0.023622047244094488,2.690457256461234
2019-04-02,5.885346534653466,-0.852380952380953,12.501785714285718,0.004911591355599214,2.2401980198019813
2019-04-03,6.46343873517786,-0.9182178217821795,13.517227722772278,0.011811023622047244,2.259881422924903
2019-04-04,8.817193675889326,0.411881188118812,16.52079207920791,0.0,2.8407114624505914
2019-04-05,10.63690476190477,4.280753968253971,17.650793650793645,0.0,2.947920792079208
2019-04-06,10.298023715415018,2.5736633663366337,17.20930693069307,0.7600393700787402,1.704743083003953
2019-04-07,11.458199999999994,5.883366733466927,17.7250501002004,2.882086614173228,1.7435129740518958
2019-04-08,10.756944444444438,4.232007952286283,17.93240556660041,0.000984251968503937,2.202772277227722
2019-04-09,8.885346534653468,4.353280318091447,14.808946322067582,20.802357563850684,3.415445544554457
2019-04-10,6.742147117296229,4.231075697211151,9.694820717131472,6.617425742574257,2.5704000000000002
2019-04-11,8.115705765407553,2.860358565737051,13.833864541832671,0.01383399209486166,1.4864271457085827
2019-04-12,9.722970297029688,3.340079365079367,16.764285714285702,0.11538461538461539,1.7914512922465218
2019-04-13,10.46118811881188,3.2767857142857117,17.627579365079388,0.0,1.7019841269841258
2019-04-14,9.272924901185775,5.14376237623762,13.810693069306943,0.9086444007858546,2.4073267326732677
2019-04-15,10.147430830039514,1.7548514851485155,18.35960396039604,0.0,2.1984126984126986
2019-04-16,13.097821782178222,3.6718253968253958,21.88888888888887,0.02455795677799607,1.7298000000000024
2019-04-17,14.112326043737584,7.243141153081507,21.64831013916503,0.32220039292730845,1.8003984063745007
2019-04-18,13.637351778656113,7.258415841584151,19.730891089108916,0.0,2.3243564356435633
2019-04-19,12.204743083003953,8.222222222222221,17.15873015873018,0.010805500982318271,1.9781746031746028
2019-04-20,13.799407114624506,6.879009900990101,20.554059405940595,0.0688976377952756,1.8138613861386148
2019-04-21,15.269094488188982,10.402178217821792,21.150297029702955,0.0481335952848723,1.4821782178217826
2019-04-22,16.659405940594056,9.291848906560633,24.562027833001984,0.0,1.7292246520874743
2019-04-23,16.539053254437864,11.553557312252963,21.596837944664014,6.2703339882121805,1.9140316205533605
2019-04-24,16.718343195266275,13.387351778656113,21.740513833992118,5.644094488188976,1.5727272727272714
2019-04-25,12.70532544378698,9.585573122529643,16.55652173913044,5.008464566929134,2.0691089108910896
2019-04-26,8.725494071146244,6.600198019801976,11.168514851485138,5.171062992125983,2.33293650793651
2019-04-27,10.724308300395242,4.375049504950497,17.026534653465323,0.03937007874015748,1.7908183632734544
2019-04-28,11.427416173570021,7.425098814229244,16.34683794466404,0.21220472440944882,1.5421782178217827
2019-04-29,11.304554455445535,7.634126984126988,14.802976190476201,15.830058939096267,1.537176938369783
2019-04-30,13.891518737672591,8.89150197628458,19.973715415019758,0.143614931237721,1.583003952569169
2019-05-01,14.326129666011786,9.014173228346461,20.84980314960631,0.030451866404715127,2.1564102564102567
2019-05-02,14.955118110236203,7.560355029585792,22.931755424063137,0.0,2.2548323471400424
2019-05-03,15.742716535433063,7.033858267716535,24.92716535433069,0.0,1.75275590551181
2019-05-04,16.77322834645669,8.347337278106504,25.433530571992087,0.0,1.45759368836292
2019-05-05,17.47199211045365,9.875098814229245,25.991304347826098,0.0,1.7531620553359677
2019-05-06,12.847937131630644,7.2728346456692945,19.04035433070866,0.06895874263261297,3.012795275590557
2019-05-07,12.86856581532417,4.518934911242599,20.729388560157783,0.0009823182711198428,2.167652859960554
2019-05-08,14.522090729783036,6.361067193675887,21.663636363636353,0.0,2.2011881188118796
2019-05-09,15.651388888888906,9.641782178217825,22.770693069306915,0.0,2.084920634920634
2019-05-10,16.284523809523805,7.6270377733598425,25.235586481113305,0.0,1.5782868525896412
2019-05-11,17.235629921259832,9.30276134122287,25.818737672583843,0.04330708661417323,1.4444664031620542
2019-05-12,17.475542406311636,10.263636363636362,25.175296442687774,0.08055009823182711,1.6567460317460307
2019-05-13,17.025544554455447,10.884920634920638,23.36765873015874,0.09056974459724951,1.714342629482072
2019-05-14,18.579051383399225,12.633663366336645,25.590891089108908,0.17519685039370078,1.5352475247524757
2019-05-15,19.074803149606293,12.80295857988166,26.386587771203175,0.007858546168958742,1.4654832347140043
2019-05-16,20.322003929273052,13.573425196850382,27.83996062992123,0.0,1.5952755905511804
2019-05-17,20.088757396449704,13.862055335968387,26.247035573122535,4.943614931237722,1.784387351778656
2019-05-18,18.595039682539685,15.643253968253966,21.806150793650808,28.159486166007905,3.082539682539682
2019-05-19,18.847430830039524,16.096237623762363,21.947920792079184,8.824015748031496,2.381584158415844
2019-05-20,15.886363636363635,10.51683168316832,19.943960396039614,2.8404715127701374,3.2558415841584183
2019-05-21,15.860039370078761,8.259763313609463,22.93885601577908,0.0,2.764426877470355
2019-05-22,17.99861932938854,9.624901185770748,25.816205533596847,0.0,2.424158415841586
2019-05-23,19.649015748031513,11.821499013806708,27.6700197238659,0.0,1.9571146245059299
2019-05-24,21.723366336633667,13.22198019801981,30.21683168316831,0.0,1.9702970297029712
2019-05-25,21.677667984189696,15.447524752475235,28.686732673267304,0.0,1.9097029702970296
2019-05-26,21.939447731755447,15.28675889328064,28.799802371541485,0.3251968503937008,2.3776237623762357
2019-05-27,17.740556660039754,14.532405566600398,21.09821073558648,30.555226824457595,3.4894422310756976
2019-05-28,16.758366533864525,11.151195219123522,22.887649402390426,0.001976284584980237,2.5998003992015937
2019-05-29,18.475049504950515,10.377029702970296,26.129306930693087,0.0009823182711198428,2.1598802395209584
2019-05-30,19.23577075098816,11.666798418972325,26.17549407114625,0.05147347740667976,2.1402777777777793
2019-05-31,17.406102362204738,13.213017751479287,22.815976331360954,0.8588582677165355,2.2392079207920785
2019-06-01,17.734516765285996,11.511462450592894,24.106916996047413,0.0,1.6178571428571438
2019-06-02,19.29114173228347,12.452071005917162,26.636094674556194,0.0,1.425296442687747
2019-06-03,20.678149606299208,12.78425196850393,28.405314960629923,0.0019646365422396855,1.4861932938856026
2019-06-04,21.626771653543297,14.898619329388573,28.913412228796844,0.009823182711198428,1.7453648915187376
2019-06-05,21.55834970530451,15.84035433070867,28.56496062992124,0.0009823182711198428,1.5499999999999998
2019-06-06,20.20098425196849,16.056015779092714,25.71025641025641,21.954616895874267,1.88777120315582
2019-06-07,18.01031746031746,15.854347826086963,21.05948616600791,24.494871794871795,2.688118811881188
2019-06-08,19.2697628458498,14.550000000000008,24.790711462450545,0.15996055226824457,1.5304347826086984
2019-06-09,18.977514792899417,15.157396449704143,24.198224852071,2.1503937007874017,1.7798816568047329
2019-06-10,17.48379446640316,14.430830039525684,21.560276679841902,3.6631889763779526,1.8104743083003967
2019-06-11,17.83234126984127,13.862574257425742,22.904752475247523,0.6363457760314342,1.586336633663368
2019-06-12,18.809664694280116,13.302173913043477,24.94822134387353,0.0068762278978389,1.4745059288537559
2019-06-13,20.21538461538462,13.812055335968378,26.895256916996065,0.0,1.5191321499013792
2019-06-14,19.354437869822497,15.869762845849799,24.097628458498036,5.451377952755906,1.3907114624505923
2019-06-15,19.38478260869567,15.123913043478257,25.160671936758902,3.926968503937008,2.3796442687747033
2019-06-16,19.296633663366332,14.34365079365078,25.00496031746033,0.6954724409448819,1.8380952380952384
2019-06-17,20.20787401574802,15.729191321499023,25.628205128205135,0.005905511811023622,1.6713438735177861
2019-06-18,19.9812749003984,16.300996015936253,24.48705179282868,3.954133858267716,1.6099601593625499
2019-06-19,20.975799999999996,17.403206412825654,25.963527054108216,0.9864440078585461,1.5264529058116225
2019-06-20,22.04122287968443,17.115019762845847,27.74169960474308,0.0,1.502173913043479
2019-06-21,21.427218934911235,17.186758893280636,27.075098814229268,1.2747058823529411,1.7187747035573129
2019-06-22,20.739096267190565,16.077165354330717,26.38641732283466,1.2807843137254902,1.8836614173228343
2019-06-23,20.65314960629923,15.463708086785015,26.49664694280081,0.3487229862475442,1.7078740157480317
2019-06-24,21.470333988212182,16.245472440944877,27.49311023622049,0.09411764705882353,1.5208661417322842
2019-06-25,22.491944990176805,16.21141732283464,29.243110236220463,0.014705882352941176,1.597834645669291
2019-06-26,20.88622047244091,17.1715976331361,24.574950690335314,35.72062868369351,1.6092702169625246
2019-06-27,23.06205533596837,19.84237623762375,28.046732673267297,8.007889546351084,1.4796039603960418
2019-06-28,22.719921104536493,19.514229249011862,27.375296442687734,1.100196463654224,1.4920948616600787
2019-06-29,21.25049504950493,19.13425742574257,24.284752475247515,28.42573673870334,1.6213861386138608
2019-06-30,22.708300395256913,19.25584158415841,27.27643564356436,0.0625984251968504,1.7370297029702955
2019-07-01,22.107100591715984,18.7594861660079,26.290711462450602,1.0703339882121807,1.4576237623762396
2019-07-02,22.293713163064833,17.614566929133865,27.99192913385826,0.005905511811023622,1.5600393700787403
2019-07-03,21.921146245059276,17.438613861386138,27.3851485148515,0.21414538310412573,1.2231683168316843
2019-07-04,23.103557312252963,17.29564356435646,30.01623762376239,0.0,1.4035643564356435
2019-07-05,23.91023622047244,17.82169625246549,31.01637080867848,0.09117647058823529,1.3386587771203142
2019-07-06,24.196055226824445,18.16745562130177,30.46331360946744,0.06777996070726916,2.1374753451676534
2019-07-07,22.61321499013808,18.85364891518739,27.537278106508868,0.5204724409448819,2.5844181459566062
2019-07-08,21.67035573122531,18.160990099009897,26.400396039603987,1.2342465753424658,2.125793650793651
2019-07-09,21.78323471400395,17.479487179487176,26.313412228796864,0.45812133072407046,2.0118811881188114
2019-07-10,20.41794871794874,18.431558185404366,22.95325443786982,21.3221568627451,2.6013833992094892
2019-07-11,21.26027667984191,19.012820512820525,24.583037475345172,8.661493123772102,2.1790513833992096
2019-07-12,22.094280078895476,18.58498023715415,26.931620553359686,0.29315068493150687,1.6260355029585805
2019-07-13,22.213976377952765,19.09783464566928,26.64330708661414,3.4172211350293544,1.2155818540433923
2019-07-14,23.02559055118108,19.211220472440942,28.127165354330728,1.9847358121330725,1.3559921414538307
2019-07-15,22.406114398422062,19.652071005917158,26.66035502958577,8.486105675146772,1.2911417322834653
2019-07-16,22.934059405940605,19.46778656126483,27.799604743082988,3.8481409001956943,1.3846153846153857
2019-07-17,23.56588235294118,19.786836935167017,28.01748526522596,3.589628180039139,1.439096267190571
2019-07-18,23.649705304518662,20.6852652259332,27.64381139489195,15.134050880626223,1.5127450980392154
2019-07-19,24.737721021611016,21.215324165029475,28.47622789783892,28.20567514677104,2.154901960784311
2019-07-20,24.42944664031622,22.63596837944664,26.77450592885375,55.438235294117646,3.8642292490118555
2019-07-21,24.042603550295844,22.11992110453651,26.996449704141995,16.814117647058822,2.4899209486165983
2019-07-22,25.69485148514853,22.411111111111122,30.30535714285714,2.3031311154598826,1.9381709741550694
2019-07-23,26.442011834319523,22.965748031496084,31.26870078740157,0.22859960552268246,1.9391732283464578
2019-07-24,25.563438735177854,23.700395256916984,28.46482213438737,0.9045186640471512,1.8966336633663363
2019-07-25,25.578019801980204,23.900396825396818,28.13009900990098,14.151873767258383,1.8005964214711732
2019-07-26,25.429800000000007,23.8088,27.945200000000025,26.920553359683794,1.9458752515090525
2019-07-27,26.20139442231077,23.748007968127474,29.84661354581675,11.515779092702171,1.546706586826346
2019-07-28,25.83199999999997,24.017365269461077,28.577644710578824,15.253359683794466,2.3741482965931846
2019-07-29,26.627128712871286,23.581150793650803,30.662103174603168,0.1842829076620825,2.397415506958251
2019-07-30,27.10788954635108,24.007495069033524,30.757396449704157,1.4523529411764704,2.8725296442687744
2019-07-31,26.94102564102565,24.19525691699605,30.43616600790515,11.810784313725492,2.458217821782181
2019-08-01,26.994891944990204,23.398821218074662,31.698428290766202,6.159019607843137,1.6357707509881423
2019-08-02,27.517948717948716,23.188998035363436,33.115127701375236,0.08098039215686274,1.1683794466403163
2019-08-03,27.19464285714286,23.07574552683897,33.19005964214711,1.350884086444008,1.3285714285714296
2019-08-04,27.27405189620761,22.87274549098195,33.06753507014029,0.9794117647058823,1.2244532803180912
2019-08-05,27.677091633466137,22.940518962075814,33.49860279441116,0.09233791748526522,1.2530693069306937
2019-08-06,27.081925343811395,23.104724409448817,31.945275590551194,9.288823529411765,1.822834645669292
2019-08-07,26.237401574803155,23.075590551181087,30.73169291338584,15.896070726915521,1.7714566929133855
2019-08-08,26.871203155818563,23.34871794871794,32.226429980276144,2.6780392156862742,1.4396449704142007
2019-08-09,27.367920792079225,23.387128712871295,32.623762376237615,0.38258317025440314,1.3634387351778667
2019-08-10,27.812180746561907,23.700589390962662,32.656385068762276,0.05557729941291585,2.371456692913386
2019-08-11,27.500982318271095,23.871456692913394,31.39330708661414,13.391372549019609,3.6879684418145966
2019-08-12,26.696633663366324,24.385573122529642,29.88577075098818,19.845882352941175,2.4441814595660745
2019-08-13,27.583499005964224,23.462027833001976,32.94314115308151,2.046078431372549,1.5596039603960385
2019-08-14,27.644752475247536,23.926534653465342,32.125148514851496,1.021764705882353,2.0764822134387333
2019-08-15,25.230118110236212,23.480670611439844,28.019921104536483,19.28506876227898,2.337869822485209
2019-08-16,25.30590551181102,22.205905511811025,29.52933070866139,1.9066797642436148,2.1923076923076925
2019-08-17,25.01798418972331,20.91561264822133,29.707312252964417,2.0503921568627446,2.0348514851485127
2019-08-18,24.207495069033527,20.007509881422948,29.76343873517788,1.3001968503937007,1.3671287128712861
2019-08-19,24.158613861386137,19.398616600790522,29.828458498023707,0.13457760314341846,1.2509920634920635
2019-08-20,25.10395256916994,20.745238095238076,30.297817460317457,0.11960784313725491,1.6536926147704574
2019-08-21,25.1015717092338,21.773622047244082,29.537401574803148,8.792941176470588,1.3108695652173918
2019-08-22,25.098214285714295,22.020990099009897,29.666930693069293,21.384117647058822,1.7273809523809522
2019-08-23,23.778585461689588,19.844793713163057,28.646365422396855,0.00784313725490196,1.491913214990139
2019-08-24,22.137204724409436,18.337992125984254,26.999212598425203,0.06555772994129158,1.2100990099009905
2019-08-25,22.416274509803905,18.338627450980372,27.904901960784336,0.5058823529411764,1.136614173228347
2019-08-26,23.502559055118123,18.526574803149593,29.117519685039383,0.9031372549019608,1.3964356435643548
2019-08-27,22.601584158415843,20.336309523809533,25.648611111111116,20.729411764705883,1.264071856287426
2019-08-28,23.29227722772279,20.419367588932804,27.481422924901164,5.524260355029585,1.2121031746031743
2019-08-29,21.757707509881424,19.113636363636385,25.195652173913047,11.138658777120314,1.616435643564358
2019-08-30,21.91558185404339,17.756015779092696,27.185404339250493,0.3723529411764706,1.9164031620553368
2019-08-31,21.663385826771645,16.86279527559055,27.578543307086623,0.039411764705882354,1.4531372549019608
2019-09-01,21.258039215686264,17.31235294117647,26.05313725490198,2.417681728880157,0.9580392156862748
2019-09-02,21.475049115913574,18.430905511811034,25.378149606299218,12.269607843137255,1.2045186640471515
2019-09-03,21.9224409448819,19.782086614173245,24.847834645669273,12.915490196078432,1.303339882121807
2019-09-04,22.755138339920943,20.79390962671903,25.732023575638504,19.0621568627451,1.564047151277015
2019-09-05,23.465476190476185,21.151388888888885,28.235912698412694,23.166274509803923,1.4186507936507935
2019-09-06,24.622879684418145,21.499211045364902,28.18145956607493,7.787279843444227,2.134516765285994
2019-09-07,24.9078787878788,21.890380761523055,28.249498997996014,15.341878669275928,5.097183098591551
2019-09-08,23.712400000000006,21.160079840319362,27.302594810379237,2.4756385068762277,1.2581162324649302
2019-09-09,24.05029940119761,21.680439121756496,27.745908183632732,9.761417322834644,1.5705410821643293
2019-09-10,24.329025844930406,21.756746031746037,28.399801587301592,21.690962671905698,1.8758483033932127
2019-09-11,23.225248508946315,20.65626242544732,27.211928429423477,8.645383104125736,1.8606786427145714
2019-09-12,20.433201581027678,18.09664694280077,22.997633136094667,4.363850687622789,2.159603960396039
2019-09-13,21.101183431952695,16.848316831683178,26.74613861386138,0.024606299212598427,1.6876739562624261
2019-09-14,21.60972222222221,17.293452380952356,26.370833333333366,0.2111984282907662,1.2147410358565738
2019-09-15,22.5649504950495,18.9185770750988,27.680237154150202,0.43917322834645667,1.5383697813121273
2019-09-16,21.694861660079034,17.38871287128712,27.536633663366338,0.05992141453831041,1.6400793650793637
2019-09-17,20.58293650793651,14.953769841269843,27.095634920634932,0.007858546168958742,1.715537848605577
2019-09-18,19.996237623762386,14.461980198019782,26.678415841584176,0.014763779527559055,2.10597609561753
2019-09-19,18.354870775347923,12.680876494023895,24.91033797216701,0.002952755905511811,1.767928286852588
2019-09-20,18.651282051282067,14.277712031558197,23.285798816568057,0.11764705882352941,1.8666007905138335
2019-09-21,17.47817460317462,15.623809523809534,20.30992063492064,37.87027559055118,2.5829702970297026
2019-09-22,17.309306930693072,15.709306930693074,18.99089108910893,68.88043912175648,4.635912698412702
2019-09-23,17.494621513944224,13.576447105788422,21.961876247504982,1.2174257425742574,2.0109561752988068
2019-09-24,17.17222222222222,11.943936381709749,24.317892644135178,0.0019646365422396855,1.295427435387674
2019-09-25,18.03169291338581,12.489566929133844,24.441535433070868,0.0,1.1978303747534507
2019-09-26,19.96844181459565,15.398619329388564,25.79171597633134,0.056862745098039215,1.4970355731225293
2019-09-27,20.791159135559905,16.417485265225938,26.2876227897839,4.720156555772994,1.3488188976377942
2019-09-28,21.822593320235775,18.513555992141455,26.91650294695482,1.888454011741683,1.045759368836292
2019-09-29,21.19253438113948,17.047151277013747,27.529076620825172,1.601761252446184,1.1748031496062992
2019-09-30,20.780555555555537,15.88500986193292,27.366469428007896,1.4931372549019608,1.0392857142857148
2019-10-01,20.847704590818346,17.209599999999995,24.73320000000002,10.434980237154152,1.2459839357429714
2019-10-02,20.87171314741036,19.157569721115532,22.9577689243028,87.11420118343196,2.827000000000002
2019-10-03,21.245799999999996,17.900399999999987,25.5348,20.142942345924453,2.935943775100402
2019-10-04,20.54566929133859,16.472244094488214,26.087992125984243,0.06164383561643835,1.3640159045725653
2019-10-05,18.009645669291345,14.536614173228342,21.75196850393699,2.482745098039216,2.2231225296442663
2019-10-06,16.712820512820517,12.56942800788955,21.366469428007868,0.058823529411764705,2.0656126482213435
2019-10-07,15.326429980276153,13.442687747035567,17.679841897233196,9.881372549019607,1.5178217821782183
2019-10-08,15.142632612966594,9.521218074656193,21.001178781925358,0.03913894324853229,2.4385068762278976
2019-10-09,12.791732283464569,6.60118343195267,20.415187376725843,0.0,1.5061023622047247
2019-10-10,14.420235756385068,8.505304518664046,20.800196463654217,0.00390625,1.0458661417322832
2019-10-11,17.29,11.433921568627447,23.98,0.0419921875,1.8145669291338573
2019-10-12,17.23490196078431,12.876862745098041,22.5264705882353,0.0255859375,2.966208251473476
2019-10-13,15.285351562500006,10.308203124999999,21.565234374999996,0.001953125,1.9213307240704496
2019-10-14,13.98472222222223,9.030952380952376,20.33908730158731,1.33671875,2.095029821073559
2019-10-15,12.856862745098034,8.151663405088053,18.322896281800393,0.7421875,1.8607843137254907
2019-10-16,12.968662674650691,7.950695825049694,19.731809145129233,0.0078125,1.3382470119521899
2019-10-17,13.76803921568626,9.298431372549022,19.639803921568607,0.0,1.431434184675834
2019-10-18,15.093945312500002,10.875733855185906,19.444814090019563,4.0421875,1.9408203124999992
2019-10-19,15.591796874999995,11.22304687500001,21.725000000000016,0.2900390625,1.5800781249999996
2019-10-20,14.644031311154595,10.19178082191781,21.68140900195697,0.0,1.2604696673189815
2019-10-21,14.885937499999994,9.522851562500001,22.319921874999974,0.0,1.5261718750000002
2019-10-22,15.51568627450979,10.285658153241659,22.32141453831042,0.0712890625,1.469941060903734
2019-10-23,15.579724409448822,11.84043392504932,19.547140039447715,0.162426614481409,1.7163708086785023
2019-10-24,16.687204724409444,12.961220472440948,21.529527559055126,2.6530332681017614,2.102554027504915
2019-10-25,16.19372549019608,11.277996070726914,21.935952848722966,0.2599609375,1.8520628683693503
2019-10-26,11.866536203522504,7.934833659491196,16.250097847358106,0.03515625,2.630392156862744
2019-10-27,10.043750000000005,4.828320312500003,16.761718750000004,0.017578125,1.77710371819961
2019-10-28,11.330332681017623,4.725244618395304,17.928180039138937,0.5673828125,1.7349019607843148
2019-10-29,12.504518664047172,7.573477406679764,18.09744597249508,0.5224609375000001,2.130905511811026
2019-10-30,10.587426326129668,4.96208251473478,17.559921414538298,0.0,1.6338582677165363
2019-10-31,12.853228962818012,6.032093933463791,19.841878669275932,0.0019569471624266144,1.8058823529411778
2019-11-01,13.633072407045017,8.294520547945206,20.73326810176123,0.0,1.422549019607843
2019-11-02,12.962941176470592,7.327504911591356,19.480157170923388,0.0,1.0905882352941172
2019-11-03,13.20901960784314,8.757450980392154,19.508431372549033,1.7956947162426615,1.4762745098039216
2019-11-04,11.887866927592965,7.136986301369859,18.329745596868886,0.4427734375,1.3389432485322892
2019-11-05,11.122619047619045,6.022420634920634,18.273611111111116,0.09197651663405088,1.4578528827037778
2019-11-06,10.737450980392165,5.266470588235296,17.87647058823531,0.0048828125,1.3829411764705897
2019-11-07,9.966011787819255,4.951080550098235,16.027504911591375,0.0019569471624266144,2.1939096267190576
2019-11-08,7.334055118110242,2.1537401574803154,14.480118110236212,0.010763209393346379,1.9047337278106513
2019-11-09,8.228235294117649,1.8790196078431365,16.53921568627452,0.0958904109589041,1.530784313725489
2019-11-10,9.432405566600401,3.1875494071146258,15.715217391304346,7.325440313111545,1.9027667984189716
2019-11-11,11.466334661354583,7.2934131736526915,16.12714570858283,1.1431102362204726,2.7818363273453093
2019-11-12,9.135294117647057,4.386247544204325,15.885461689587425,0.0009784735812133072,1.2125984251968496
2019-11-13,8.766862745098045,3.416110019646364,13.81237721021611,3.279256360078278,2.2426326129666
2019-11-14,3.1940828402366854,-1.1804733727810632,8.16745562130177,0.058203125,3.0209072978303717
2019-11-15,7.0964566929133825,-0.6211462450592884,13.03873517786562,4.088845401174169,2.141106719367588
2019-11-16,9.58737672583827,4.662130177514789,16.253451676528616,0.19647058823529412,1.3602362204724412
2019-11-17,11.284168336673348,6.15150300601202,15.537675350701413,18.070645792563603,2.192415169660677
2019-11-18,7.871570576540757,2.7176938369781296,15.886679920477139,13.043811394891945,4.032341269841269
2019-11-19,3.1019762845849757,-0.09089108910891033,6.487128712871283,0.09452054794520548,3.171769383697811
2019-11-20,2.0657999999999994,-2.497799999999998,8.187200000000002,0.0,1.808817635270541
2019-11-21,5.048915187376728,-2.274950690335304,11.949704142011838,0.0,1.5037401574803142
2019-11-22,9.086758893280637,2.9258893280632408,17.023517786561275,0.0,1.5755905511811028
2019-11-23,10.635119047619051,4.678174603174601,17.79126984126984,0.021442495126705652,1.4405940594059405
2019-11-24,12.044444444444448,6.7484126984127,18.535714285714285,2.0169921875,1.9831683168316825
2019-11-25,5.0307086614173215,2.302559055118112,9.718897637795267,2.1126953125,2.9213725490196065
2019-11-26,7.166274509803922,2.0025540275049125,12.850884086443997,0.447265625,1.6813725490196085
2019-11-27,5.503710937500003,1.9699218750000007,9.245703125000007,1.125,2.3407843137254942
2019-11-28,4.42421875,0.2845703125000001,9.935156249999997,1.9929687500000002,2.03972602739726
2019-11-29,2.903913894324854,-1.4679060665362047,9.191780821917805,0.0703125,1.7678431372549026
2019-11-30,5.163921568627451,-1.7141176470588224,12.144313725490205,0.1662109375,1.299019607843137
2019-12-01,6.0178431372549035,4.082745098039218,8.189411764705877,12.396281800391389,1.5223968565815338
2019-12-02,2.9624754420432224,-0.5123772102161089,6.3416502946954845,0.31526418786692756,3.592658730158729
2019-12-03,1.8533333333333328,-3.0662082514734785,6.126719056974457,0.3642578125,2.037623762376237
2019-12-04,3.4864705882352927,-0.8715686274509808,8.76784313725491,0.0787109375,1.8364356435643556
2019-12-05,-0.4783889980353636,-5.063064833005889,4.204715127701376,0.0087890625,2.985996055226828
2019-12-06,-3.7003937007874015,-8.047337278106506,1.706311637080868,0.019215686274509806,2.2282608695652177
2019-12-07,-0.11686274509803918,-6.14705882352941,5.266078431372547,0.012352941176470587,2.0677799607072687
2019-12-08,0.7041176470588237,-4.051669941060902,7.229273084479377,0.0,1.4620078740157474
2019-12-09,3.0344422700587104,-3.2837573385518573,9.502739726027395,0.11076320939334638,1.675882352941177
2019-12-10,6.6843137254901945,1.9660117878192531,12.814341846758342,0.4645792563600783,1.5015748031496043
2019-12-11,6.814763779527558,1.4086614173228351,12.724015748031476,0.16829745596868884,3.074950690335305
2019-12-12,1.0543137254901964,-3.0525490196078437,5.574901960784316,0.0,2.437524557956776
2019-12-13,1.6076470588235299,-4.477843137254908,7.940588235294119,0.28789062499999996,1.5127450980392143
2019-12-14,3.551574803149604,-0.5833005893909623,8.418467583497051,0.374559686888454,2.197843137254905
2019-12-15,4.440667976424364,-1.6632612966601181,11.926719056974456,0.00392156862745098,1.4247544204322218
2019-12-16,6.905697445972496,1.1398039215686282,13.751764705882364,0.12622309197651663,1.3654901960784327
2019-12-17,8.146168958742631,3.523379174852654,12.200392927308457,3.6706692913385828,2.1978388998035356
2019-12-18,3.78369351669941,0.9528487229862478,7.604715127701377,0.29000000000000004,2.5342519685039355
2019-12-19,1.5784735812133073,-1.9031311154598831,6.0418786692759285,0.0410958904109589,2.60529411764706
2019-12-20,0.4615686274509809,-3.568172888015717,4.970588235294121,0.040117416829745595,1.864705882352941
2019-12-21,0.2070588235294117,-4.348727984344423,4.5982387475538165,0.06262230919765166,1.5258823529411782
2019-12-22,2.9717647058823533,-1.029607843137254,8.497843137254893,0.4178082191780822,1.3283464566929126
2019-12-23,3.4554901960784323,-1.149901768172888,8.038113948919456,0.8743639921722115,1.92755905511811
2019-12-24,1.6239215686274509,-2.4131372549019603,8.173137254901961,0.007797270955165692,1.3569744597249493
2019-12-25,3.3399610136452234,-2.912109375000003,10.150390625,0.0311284046692607,1.3013645224171535
2019-12-26,3.33599221789883,0.45058365758754904,6.11050583657588,1.9428015564202332,2.4607421874999997
2019-12-27,-0.08908382066276872,-3.803898635477582,4.322612085769978,0.03229571984435798,2.639803921568627
2019-12-28,0.4749027237354083,-4.850980392156864,6.946666666666669,0.005836575875486381,1.3706114398422091
2019-12-29,3.1738791423001973,-1.8548133595284877,7.169941060903735,7.30448343079922,1.6777996070726895
2019-12-30,4.653137254901957,-0.840118577075099,9.321739130434768,0.6647173489278752,2.5587771203155834
2019-12-31,-4.385098039215686,-7.329841897233196,-0.11640316205533549,0.04580896686159844,3.792292490118577
